korean,category_guess,source_sentence,is_registered,matched_glossary_term,note
도구 준비해,준비물,대회에 나가면 도화지와 색칠 도구를 준비해 주세요,N,색칠 도구; 도화지,preferred_vi 입력 필요
도구준비해,준비물,대회에 나가면 도화지와 색칠 도구를 준비해 주세요,N,색칠 도구; 도화지,preferred_vi 입력 필요
도화지,준비물,대회에 나가면 도화지와 색칠 도구를 준비해 주세요,Y,색칠 도구; 도화지,기존 사전 용어
상상화,준비물,대회에 나가면 도화지와 색칠 도구를 준비해 주세요,N,색칠 도구; 도화지,preferred_vi 입력 필요
색칠 도구,준비물,대회에 나가면 도화지와 색칠 도구를 준비해 주세요,Y,색칠 도구; 도화지,기존 사전 용어
색칠 도구 준비해,준비물,대회에 나가면 도화지와 색칠 도구를 준비해 주세요,N,색칠 도구; 도화지,preferred_vi 입력 필요
색칠도구준비해,준비물,대회에 나가면 도화지와 색칠 도구를 준비해 주세요,N,색칠 도구; 도화지,preferred_vi 입력 필요
준비해,준비물,대회에 나가면 도화지와 색칠 도구를 준비해 주세요,N,색칠 도구; 도화지,preferred_vi 입력 필요
채색도구,준비물,대회에 나가면 도화지와 색칠 도구를 준비해 주세요,N,색칠 도구; 도화지,preferred_vi 입력 필요
채색 도구 준비해,준비물,과학 상상화 그리기 대회 참가자는 도화지와 채색 도구를 준비해 주세요,N,도화지,preferred_vi 입력 필요
채색도구준비해,준비물,과학 상상화 그리기 대회 참가자는 도화지와 채색 도구를 준비해 주세요,N,도화지,preferred_vi 입력 필요
평가,기타,5월 둘째 주에 학업성취도 평가가 있습니다,N,,preferred_vi 입력 필요
학업성취,기타,5월 둘째 주에 학업성취도 평가가 있습니다,N,,preferred_vi 입력 필요
검사,기타,정서행동 온라인 검사에 참여해 주세요,N,,preferred_vi 입력 필요
검사 참여해,기타,정서행동 온라인 검사에 참여해 주세요,N,,preferred_vi 입력 필요
검사참여해,기타,정서행동 온라인 검사에 참여해 주세요,N,,preferred_vi 입력 필요
온라인,기타,정서행동 온라인 검사에 참여해 주세요,N,,preferred_vi 입력 필요
온라인 검사,기타,정서행동 온라인 검사에 참여해 주세요,N,,preferred_vi 입력 필요
온라인 검사 참여해,기타,정서행동 온라인 검사에 참여해 주세요,N,,preferred_vi 입력 필요
온라인검사,기타,정서행동 온라인 검사에 참여해 주세요,N,,preferred_vi 입력 필요
온라인검사참여해,기타,정서행동 온라인 검사에 참여해 주세요,N,,preferred_vi 입력 필요
정서행동 온라인 검사,기타,정서행동 온라인 검사에 참여해 주세요,N,,preferred_vi 입력 필요
정서행동검사,기타,정서행동 온라인 검사에 참여해 주세요,N,,preferred_vi 입력 필요
정서행동온라인검사,기타,정서행동 온라인 검사에 참여해 주세요,N,,preferred_vi 입력 필요
안내문,기타,학생 정서행동 특성검사 안내문을 읽고 온라인 검사에 참여해 주세요,Y,안내문,기존 사전 용어
안내문 읽고,기타,학생 정서행동 특성검사 안내문을 읽고 온라인 검사에 참여해 주세요,N,안내문,preferred_vi 입력 필요
안내문 읽고 온라인,기타,학생 정서행동 특성검사 안내문을 읽고 온라인 검사에 참여해 주세요,N,안내문,preferred_vi 입력 필요
안내문읽고,기타,학생 정서행동 특성검사 안내문을 읽고 온라인 검사에 참여해 주세요,N,안내문,preferred_vi 입력 필요
안내문읽고온라인,기타,학생 정서행동 특성검사 안내문을 읽고 온라인 검사에 참여해 주세요,N,안내문,preferred_vi 입력 필요
읽고 온라인 검사,기타,학생 정서행동 특성검사 안내문을 읽고 온라인 검사에 참여해 주세요,N,안내문,preferred_vi 입력 필요
읽고온라인검사,기타,학생 정서행동 특성검사 안내문을 읽고 온라인 검사에 참여해 주세요,N,안내문,preferred_vi 입력 필요
정서행동 특성검사,기타,학생 정서행동 특성검사 안내문을 읽고 온라인 검사에 참여해 주세요,N,안내문,preferred_vi 입력 필요
정서행동 특성검사 안내문,기타,학생 정서행동 특성검사 안내문을 읽고 온라인 검사에 참여해 주세요,N,안내문,preferred_vi 입력 필요
정서행동특성검사,기타,학생 정서행동 특성검사 안내문을 읽고 온라인 검사에 참여해 주세요,N,안내문,preferred_vi 입력 필요
정서행동특성검사안내문,기타,학생 정서행동 특성검사 안내문을 읽고 온라인 검사에 참여해 주세요,N,안내문,preferred_vi 입력 필요
특성검사,기타,학생 정서행동 특성검사 안내문을 읽고 온라인 검사에 참여해 주세요,N,안내문,preferred_vi 입력 필요
특성검사 안내문,기타,학생 정서행동 특성검사 안내문을 읽고 온라인 검사에 참여해 주세요,N,안내문,preferred_vi 입력 필요
특성검사 안내문 읽고,기타,학생 정서행동 특성검사 안내문을 읽고 온라인 검사에 참여해 주세요,N,안내문,preferred_vi 입력 필요
특성검사안내문,기타,학생 정서행동 특성검사 안내문을 읽고 온라인 검사에 참여해 주세요,N,안내문,preferred_vi 입력 필요
특성검사안내문읽고,기타,학생 정서행동 특성검사 안내문을 읽고 온라인 검사에 참여해 주세요,N,안내문,preferred_vi 입력 필요
사진촬영,비용,사진 찍는 날 원복을 입혀 주세요,N,원복,preferred_vi 입력 필요
원복,비용,사진 찍는 날 원복을 입혀 주세요,Y,원복,기존 사전 용어
등원,일정,사진 촬영일에는 원복을 입고 등원해 주세요,Y,등원; 원복,기존 사전 용어
등원해,일정,사진 촬영일에는 원복을 입고 등원해 주세요,N,등원; 원복,preferred_vi 입력 필요
촬영일,일정,사진 촬영일에는 원복을 입고 등원해 주세요,N,등원; 원복,preferred_vi 입력 필요
불참,일정,체험학습에 가지 않으면 학교 프로그램을 합니다,Y,체험학습,기존 사전 용어
체험학습,일정,체험학습에 가지 않으면 학교 프로그램을 합니다,Y,체험학습,기존 사전 용어
체험학습 가지,일정,체험학습에 가지 않으면 학교 프로그램을 합니다,N,체험학습,preferred_vi 입력 필요
체험학습 가지 않으면,일정,체험학습에 가지 않으면 학교 프로그램을 합니다,N,체험학습,preferred_vi 입력 필요
체험학습가지,일정,체험학습에 가지 않으면 학교 프로그램을 합니다,N,체험학습,preferred_vi 입력 필요
체험학습가지않으면,일정,체험학습에 가지 않으면 학교 프로그램을 합니다,N,체험학습,preferred_vi 입력 필요
체험학습 불참,일정,체험학습 불참 학생은 학교에서 별도 프로그램에 참여합니다,N,체험학습; 불참,preferred_vi 입력 필요
체험학습 불참 별,일정,체험학습 불참 학생은 학교에서 별도 프로그램에 참여합니다,N,체험학습; 불참,preferred_vi 입력 필요
체험학습불참,일정,체험학습 불참 학생은 학교에서 별도 프로그램에 참여합니다,N,체험학습; 불참,preferred_vi 입력 필요
체험학습불참별,일정,체험학습 불참 학생은 학교에서 별도 프로그램에 참여합니다,N,체험학습; 불참,preferred_vi 입력 필요
개별시간,일정,4월 둘째 주에 학부모 상담이 있습니다,N,학부모 상담; 상담,preferred_vi 입력 필요
둘째 주에 상담,일정,4월 둘째 주에 학부모 상담이 있습니다,N,학부모 상담; 상담,preferred_vi 입력 필요
둘째주에상담,일정,4월 둘째 주에 학부모 상담이 있습니다,N,학부모 상담; 상담,preferred_vi 입력 필요
상담,일정,4월 둘째 주에 학부모 상담이 있습니다,Y,학부모 상담; 상담,기존 사전 용어
주에 상담,일정,4월 둘째 주에 학부모 상담이 있습니다,N,학부모 상담; 상담,preferred_vi 입력 필요
주에상담,일정,4월 둘째 주에 학부모 상담이 있습니다,N,학부모 상담; 상담,preferred_vi 입력 필요
학부모 상담,일정,4월 둘째 주에 학부모 상담이 있습니다,Y,학부모 상담; 상담,기존 사전 용어
학부모상담,일정,4월 둘째 주에 학부모 상담이 있습니다,N,학부모 상담; 상담,preferred_vi 입력 필요
상담 4월,일정,학부모 상담은 4월 둘째 주에 개별 시간으로 진행됩니다,N,학부모 상담; 상담,preferred_vi 입력 필요
상담 4월 둘째,일정,학부모 상담은 4월 둘째 주에 개별 시간으로 진행됩니다,N,학부모 상담; 상담,preferred_vi 입력 필요
상담4월,일정,학부모 상담은 4월 둘째 주에 개별 시간으로 진행됩니다,N,학부모 상담; 상담,preferred_vi 입력 필요
상담4월둘째,일정,학부모 상담은 4월 둘째 주에 개별 시간으로 진행됩니다,N,학부모 상담; 상담,preferred_vi 입력 필요
고치려면 증빙자료,기타,생활기록부를 고치려면 증빙자료를 내 주세요,N,,preferred_vi 입력 필요
고치려면증빙자료,기타,생활기록부를 고치려면 증빙자료를 내 주세요,N,,preferred_vi 입력 필요
생활기록부,기타,생활기록부를 고치려면 증빙자료를 내 주세요,N,,preferred_vi 입력 필요
생활기록부 고치려면 증빙자료,기타,생활기록부를 고치려면 증빙자료를 내 주세요,N,,preferred_vi 입력 필요
생활기록부고치려면증빙자료,기타,생활기록부를 고치려면 증빙자료를 내 주세요,N,,preferred_vi 입력 필요
증빙자료,기타,생활기록부를 고치려면 증빙자료를 내 주세요,N,,preferred_vi 입력 필요
경우 증빙자료,제출,학교생활기록부 정정을 원하는 경우 증빙자료를 함께 제출해 주세요,N,제출,preferred_vi 입력 필요
경우 증빙자료 함께,제출,학교생활기록부 정정을 원하는 경우 증빙자료를 함께 제출해 주세요,N,제출,preferred_vi 입력 필요
경우증빙자료,제출,학교생활기록부 정정을 원하는 경우 증빙자료를 함께 제출해 주세요,N,제출,preferred_vi 입력 필요
경우증빙자료함께,제출,학교생활기록부 정정을 원하는 경우 증빙자료를 함께 제출해 주세요,N,제출,preferred_vi 입력 필요
원하,제출,학교생활기록부 정정을 원하는 경우 증빙자료를 함께 제출해 주세요,N,제출,preferred_vi 입력 필요
원하 경우 증빙자료,제출,학교생활기록부 정정을 원하는 경우 증빙자료를 함께 제출해 주세요,N,제출,preferred_vi 입력 필요
원하경우증빙자료,제출,학교생활기록부 정정을 원하는 경우 증빙자료를 함께 제출해 주세요,N,제출,preferred_vi 입력 필요
제출,제출,학교생활기록부 정정을 원하는 경우 증빙자료를 함께 제출해 주세요,Y,제출,기존 사전 용어
제출해,제출,학교생활기록부 정정을 원하는 경우 증빙자료를 함께 제출해 주세요,N,제출,preferred_vi 입력 필요
증빙자료 함께,제출,학교생활기록부 정정을 원하는 경우 증빙자료를 함께 제출해 주세요,N,제출,preferred_vi 입력 필요
증빙자료 함께 제출해,제출,학교생활기록부 정정을 원하는 경우 증빙자료를 함께 제출해 주세요,N,제출,preferred_vi 입력 필요
증빙자료함께,제출,학교생활기록부 정정을 원하는 경우 증빙자료를 함께 제출해 주세요,N,제출,preferred_vi 입력 필요
증빙자료함께제출해,제출,학교생활기록부 정정을 원하는 경우 증빙자료를 함께 제출해 주세요,N,제출,preferred_vi 입력 필요
30000원,비용,돌봄교실 간식비 30000원을 매월 초에 냅니다,N,돌봄교실; 간식비; 간식,preferred_vi 입력 필요
간식,비용,돌봄교실 간식비 30000원을 매월 초에 냅니다,Y,돌봄교실; 간식비; 간식,기존 사전 용어
간식비,비용,돌봄교실 간식비 30000원을 매월 초에 냅니다,Y,돌봄교실; 간식비; 간식,기존 사전 용어
간식비 30000원,비용,돌봄교실 간식비 30000원을 매월 초에 냅니다,N,돌봄교실; 간식비; 간식,preferred_vi 입력 필요
간식비 30000원 초,비용,돌봄교실 간식비 30000원을 매월 초에 냅니다,N,돌봄교실; 간식비; 간식,preferred_vi 입력 필요
간식비30000원,비용,돌봄교실 간식비 30000원을 매월 초에 냅니다,N,돌봄교실; 간식비; 간식,preferred_vi 입력 필요
간식비30000원초,비용,돌봄교실 간식비 30000원을 매월 초에 냅니다,N,돌봄교실; 간식비; 간식,preferred_vi 입력 필요
돌봄교실,비용,돌봄교실 간식비 30000원을 매월 초에 냅니다,Y,돌봄교실; 간식비; 간식,기존 사전 용어
돌봄교실 간식비,비용,돌봄교실 간식비 30000원을 매월 초에 냅니다,N,돌봄교실; 간식비; 간식,preferred_vi 입력 필요
돌봄교실 간식비 30000원,비용,돌봄교실 간식비 30000원을 매월 초에 냅니다,N,돌봄교실; 간식비; 간식,preferred_vi 입력 필요
돌봄교실간식비,비용,돌봄교실 간식비 30000원을 매월 초에 냅니다,N,돌봄교실; 간식비; 간식,preferred_vi 입력 필요
돌봄교실간식비30000원,비용,돌봄교실 간식비 30000원을 매월 초에 냅니다,N,돌봄교실; 간식비; 간식,preferred_vi 입력 필요
간식비 30000원 납부합니다,비용,돌봄교실 간식비 30000원은 매월 초 납부합니다,N,돌봄교실; 간식비; 간식; 납부,preferred_vi 입력 필요
간식비30000원납부합니다,비용,돌봄교실 간식비 30000원은 매월 초 납부합니다,N,돌봄교실; 간식비; 간식; 납부,preferred_vi 입력 필요
납부,비용,돌봄교실 간식비 30000원은 매월 초 납부합니다,Y,돌봄교실; 간식비; 간식; 납부,기존 사전 용어
납부합니다,비용,돌봄교실 간식비 30000원은 매월 초 납부합니다,N,돌봄교실; 간식비; 간식; 납부,preferred_vi 입력 필요
25000원,일정,방과후학교 수강료 25000원이 다음 달 5일에 빠져나갑니다,N,방과후학교,preferred_vi 입력 필요
5일,일정,방과후학교 수강료 25000원이 다음 달 5일에 빠져나갑니다,N,방과후학교,preferred_vi 입력 필요
방과후학교,일정,방과후학교 수강료 25000원이 다음 달 5일에 빠져나갑니다,Y,방과후학교,기존 사전 용어
방과후학교 수강료,일정,방과후학교 수강료 25000원이 다음 달 5일에 빠져나갑니다,N,방과후학교,preferred_vi 입력 필요
방과후학교 수강료 25000원,일정,방과후학교 수강료 25000원이 다음 달 5일에 빠져나갑니다,N,방과후학교,preferred_vi 입력 필요
방과후학교수강료,일정,방과후학교 수강료 25000원이 다음 달 5일에 빠져나갑니다,N,방과후학교,preferred_vi 입력 필요
방과후학교수강료25000원,일정,방과후학교 수강료 25000원이 다음 달 5일에 빠져나갑니다,N,방과후학교,preferred_vi 입력 필요
수강료,일정,방과후학교 수강료 25000원이 다음 달 5일에 빠져나갑니다,N,방과후학교,preferred_vi 입력 필요
수강료 25000원,일정,방과후학교 수강료 25000원이 다음 달 5일에 빠져나갑니다,N,방과후학교,preferred_vi 입력 필요
수강료 25000원 5일,일정,방과후학교 수강료 25000원이 다음 달 5일에 빠져나갑니다,N,방과후학교,preferred_vi 입력 필요
수강료25000원,일정,방과후학교 수강료 25000원이 다음 달 5일에 빠져나갑니다,N,방과후학교,preferred_vi 입력 필요
수강료25000원5일,일정,방과후학교 수강료 25000원이 다음 달 5일에 빠져나갑니다,N,방과후학교,preferred_vi 입력 필요
자동이체,일정,방과후학교 수강료 25000원은 다음 달 5일 자동이체됩니다,Y,방과후학교; 자동이체,기존 사전 용어
운동회,기타,운동회 날 흰색 티셔츠와 편한 바지를 입혀 주세요,Y,운동회,기존 사전 용어
흰색티셔츠,기타,운동회 날 흰색 티셔츠와 편한 바지를 입혀 주세요,N,운동회,preferred_vi 입력 필요
담임교사,기타,전학할 예정이면 담임선생님께 알려 주세요,Y,전학,기존 사전 용어
전학,기타,전학할 예정이면 담임선생님께 알려 주세요,Y,전학,기존 사전 용어
수건,기타,칫솔 컵 수건에 이름을 붙여 보내 주세요,Y,수건; 칫솔; 컵,기존 사전 용어
칫솔,기타,칫솔 컵 수건에 이름을 붙여 보내 주세요,Y,수건; 칫솔; 컵,기존 사전 용어
컵,기타,칫솔 컵 수건에 이름을 붙여 보내 주세요,Y,수건; 칫솔; 컵,기존 사전 용어
10시 대피훈련,일정,5월 23일 오전 10시에 대피훈련을 합니다,N,,preferred_vi 입력 필요
10시대피훈련,일정,5월 23일 오전 10시에 대피훈련을 합니다,N,,preferred_vi 입력 필요
23일,일정,5월 23일 오전 10시에 대피훈련을 합니다,N,,preferred_vi 입력 필요
23일 10시 대피훈련,일정,5월 23일 오전 10시에 대피훈련을 합니다,N,,preferred_vi 입력 필요
23일10시대피훈련,일정,5월 23일 오전 10시에 대피훈련을 합니다,N,,preferred_vi 입력 필요
대피훈련,일정,5월 23일 오전 10시에 대피훈련을 합니다,N,,preferred_vi 입력 필요
재난대피훈련,일정,5월 23일 오전 10시에 대피훈련을 합니다,Y,,기존 사전 용어
재난대피훈련 5월,일정,재난대피훈련은 5월 23일 오전 10시에 실시됩니다,N,재난대피훈련,preferred_vi 입력 필요
재난대피훈련 5월 23일,일정,재난대피훈련은 5월 23일 오전 10시에 실시됩니다,N,재난대피훈련,preferred_vi 입력 필요
재난대피훈련5월,일정,재난대피훈련은 5월 23일 오전 10시에 실시됩니다,N,재난대피훈련,preferred_vi 입력 필요
재난대피훈련5월23일,일정,재난대피훈련은 5월 23일 오전 10시에 실시됩니다,N,재난대피훈련,preferred_vi 입력 필요
귀가 동의,제출,응급처치와 귀가 동의서를 꼭 내 주세요,Y,귀가 동의서; 귀가 동의; 응급처치; 동의서,기존 사전 용어
귀가 동의서,제출,응급처치와 귀가 동의서를 꼭 내 주세요,Y,귀가 동의서; 귀가 동의; 응급처치; 동의서,기존 사전 용어
귀가동의서,제출,응급처치와 귀가 동의서를 꼭 내 주세요,N,귀가 동의서; 귀가 동의; 응급처치; 동의서,preferred_vi 입력 필요
동의서,제출,응급처치와 귀가 동의서를 꼭 내 주세요,Y,귀가 동의서; 귀가 동의; 응급처치; 동의서,기존 사전 용어
응급처치,제출,응급처치와 귀가 동의서를 꼭 내 주세요,Y,귀가 동의서; 귀가 동의; 응급처치; 동의서,기존 사전 용어
응급처치 귀가 동의서,제출,응급처치와 귀가 동의서를 꼭 내 주세요,N,귀가 동의서; 귀가 동의; 응급처치; 동의서,preferred_vi 입력 필요
응급처치귀가동의서,제출,응급처치와 귀가 동의서를 꼭 내 주세요,N,귀가 동의서; 귀가 동의; 응급처치; 동의서,preferred_vi 입력 필요
귀가 동의서 반드시,제출,응급처치 및 귀가 동의서를 반드시 제출해 주세요,N,귀가 동의서; 귀가 동의; 응급처치; 동의서; 제출; 반,preferred_vi 입력 필요
귀가동의서반드시,제출,응급처치 및 귀가 동의서를 반드시 제출해 주세요,N,귀가 동의서; 귀가 동의; 응급처치; 동의서; 제출; 반,preferred_vi 입력 필요
동의서 반드시,제출,응급처치 및 귀가 동의서를 반드시 제출해 주세요,N,귀가 동의서; 귀가 동의; 응급처치; 동의서; 제출; 반,preferred_vi 입력 필요
동의서 반드시 제출해,제출,응급처치 및 귀가 동의서를 반드시 제출해 주세요,N,귀가 동의서; 귀가 동의; 응급처치; 동의서; 제출; 반,preferred_vi 입력 필요
동의서반드시,제출,응급처치 및 귀가 동의서를 반드시 제출해 주세요,N,귀가 동의서; 귀가 동의; 응급처치; 동의서; 제출; 반,preferred_vi 입력 필요
동의서반드시제출해,제출,응급처치 및 귀가 동의서를 반드시 제출해 주세요,N,귀가 동의서; 귀가 동의; 응급처치; 동의서; 제출; 반,preferred_vi 입력 필요
반,제출,응급처치 및 귀가 동의서를 반드시 제출해 주세요,Y,귀가 동의서; 귀가 동의; 응급처치; 동의서; 제출; 반,기존 사전 용어
보낼 투약 의뢰서,기타,약을 보낼 때 투약 의뢰서를 같이 써 주세요,N,투약 의뢰서,preferred_vi 입력 필요
보낼투약의뢰서,기타,약을 보낼 때 투약 의뢰서를 같이 써 주세요,N,투약 의뢰서,preferred_vi 입력 필요
의뢰서,기타,약을 보낼 때 투약 의뢰서를 같이 써 주세요,N,투약 의뢰서,preferred_vi 입력 필요
투약 의뢰서,기타,약을 보낼 때 투약 의뢰서를 같이 써 주세요,Y,투약 의뢰서,기존 사전 용어
투약의뢰서,기타,약을 보낼 때 투약 의뢰서를 같이 써 주세요,N,투약 의뢰서,preferred_vi 입력 필요
경우 투약 의뢰서,기타,약을 보내는 경우 투약 의뢰서를 함께 작성해 주세요,N,투약 의뢰서,preferred_vi 입력 필요
경우투약의뢰서,기타,약을 보내는 경우 투약 의뢰서를 함께 작성해 주세요,N,투약 의뢰서,preferred_vi 입력 필요
의뢰서 함께,기타,약을 보내는 경우 투약 의뢰서를 함께 작성해 주세요,N,투약 의뢰서,preferred_vi 입력 필요
의뢰서 함께 작성해,기타,약을 보내는 경우 투약 의뢰서를 함께 작성해 주세요,N,투약 의뢰서,preferred_vi 입력 필요
의뢰서함께,기타,약을 보내는 경우 투약 의뢰서를 함께 작성해 주세요,N,투약 의뢰서,preferred_vi 입력 필요
의뢰서함께작성해,기타,약을 보내는 경우 투약 의뢰서를 함께 작성해 주세요,N,투약 의뢰서,preferred_vi 입력 필요
투약 의뢰서 함께,기타,약을 보내는 경우 투약 의뢰서를 함께 작성해 주세요,N,투약 의뢰서,preferred_vi 입력 필요
투약의뢰서함께,기타,약을 보내는 경우 투약 의뢰서를 함께 작성해 주세요,N,투약 의뢰서,preferred_vi 입력 필요
10월18일,일정,10월 18일에 가을 숲놀이를 합니다,N,,preferred_vi 입력 필요
18일,일정,10월 18일에 가을 숲놀이를 합니다,N,,preferred_vi 입력 필요
숲놀,일정,10월 18일에 가을 숲놀이를 합니다,N,,preferred_vi 입력 필요
금요일,일정,가을 숲놀이 활동은 10월 18일 금요일에 진행됩니다,N,,preferred_vi 입력 필요
머릿니,기타,집에서 머릿니가 있는지 확인해 주세요,Y,머릿니,기존 사전 용어
위생,기타,집에서 머릿니가 있는지 확인해 주세요,N,머릿니,preferred_vi 입력 필요
예방,건강·안전,머릿니 예방을 위해 가정에서 머리 상태를 확인해 주세요,N,머릿니,preferred_vi 입력 필요
40000원입니다,비용,영어 캠프 참가비는 40000원입니다,N,,preferred_vi 입력 필요
영어 캠프 참가비,비용,영어 캠프 참가비는 40000원입니다,N,,preferred_vi 입력 필요
영어캠프,비용,영어 캠프 참가비는 40000원입니다,N,,preferred_vi 입력 필요
영어캠프참가비,비용,영어 캠프 참가비는 40000원입니다,N,,preferred_vi 입력 필요
참가비,비용,영어 캠프 참가비는 40000원입니다,N,,preferred_vi 입력 필요
참가비 40000원입니다,비용,영어 캠프 참가비는 40000원입니다,N,,preferred_vi 입력 필요
참가비40000원입니다,비용,영어 캠프 참가비는 40000원입니다,N,,preferred_vi 입력 필요
캠프 참가비,비용,영어 캠프 참가비는 40000원입니다,N,,preferred_vi 입력 필요
캠프 참가비 40000원입니다,비용,영어 캠프 참가비는 40000원입니다,N,,preferred_vi 입력 필요
캠프참가비,비용,영어 캠프 참가비는 40000원입니다,N,,preferred_vi 입력 필요
캠프참가비40000원입니다,비용,영어 캠프 참가비는 40000원입니다,N,,preferred_vi 입력 필요
김장체험,준비물,앞치마와 머릿수건을 준비해 주세요,N,머릿수건; 앞치마; 수건,preferred_vi 입력 필요
머릿수건,준비물,앞치마와 머릿수건을 준비해 주세요,Y,머릿수건; 앞치마; 수건,기존 사전 용어
머릿수건 준비해,준비물,앞치마와 머릿수건을 준비해 주세요,N,머릿수건; 앞치마; 수건,preferred_vi 입력 필요
머릿수건준비해,준비물,앞치마와 머릿수건을 준비해 주세요,N,머릿수건; 앞치마; 수건,preferred_vi 입력 필요
앞치마,준비물,앞치마와 머릿수건을 준비해 주세요,Y,머릿수건; 앞치마; 수건,기존 사전 용어
앞치마 머릿수건 준비해,준비물,앞치마와 머릿수건을 준비해 주세요,N,머릿수건; 앞치마; 수건,preferred_vi 입력 필요
앞치마머릿수건준비해,준비물,앞치마와 머릿수건을 준비해 주세요,N,머릿수건; 앞치마; 수건,preferred_vi 입력 필요
결석연락,기타,버스를 타지 않으면 오전 8시 30분 전까지 알려 주세요,N,,preferred_vi 입력 필요
통학버스,기타,버스를 타지 않으면 오전 8시 30분 전까지 알려 주세요,N,,preferred_vi 입력 필요
결석,기타,통학버스 결석 연락은 오전 8시 30분 전까지 해 주세요,Y,결석,기존 사전 용어
상담 필요하면,일정,평가 상담이 필요하면 담임선생님께 연락해 주세요,N,상담,preferred_vi 입력 필요
상담 필요하면 담임선생님께,일정,평가 상담이 필요하면 담임선생님께 연락해 주세요,N,상담,preferred_vi 입력 필요
상담필요하면,일정,평가 상담이 필요하면 담임선생님께 연락해 주세요,N,상담,preferred_vi 입력 필요
상담필요하면담임선생님께,일정,평가 상담이 필요하면 담임선생님께 연락해 주세요,N,상담,preferred_vi 입력 필요
평가 상담,일정,평가 상담이 필요하면 담임선생님께 연락해 주세요,N,상담,preferred_vi 입력 필요
평가 상담 필요하면,일정,평가 상담이 필요하면 담임선생님께 연락해 주세요,N,상담,preferred_vi 입력 필요
평가결,일정,평가 상담이 필요하면 담임선생님께 연락해 주세요,N,상담,preferred_vi 입력 필요
평가상담,일정,평가 상담이 필요하면 담임선생님께 연락해 주세요,N,상담,preferred_vi 입력 필요
평가상담필요하면,일정,평가 상담이 필요하면 담임선생님께 연락해 주세요,N,상담,preferred_vi 입력 필요
결과 상담,일정,평가 결과 상담이 필요한 경우 담임교사에게 연락해 주세요,N,담임교사; 상담,preferred_vi 입력 필요
결과 상담 필요한,일정,평가 결과 상담이 필요한 경우 담임교사에게 연락해 주세요,N,담임교사; 상담,preferred_vi 입력 필요
결과상담,일정,평가 결과 상담이 필요한 경우 담임교사에게 연락해 주세요,N,담임교사; 상담,preferred_vi 입력 필요
결과상담필요한,일정,평가 결과 상담이 필요한 경우 담임교사에게 연락해 주세요,N,담임교사; 상담,preferred_vi 입력 필요
상담 필요한,일정,평가 결과 상담이 필요한 경우 담임교사에게 연락해 주세요,N,담임교사; 상담,preferred_vi 입력 필요
상담 필요한 경우,일정,평가 결과 상담이 필요한 경우 담임교사에게 연락해 주세요,N,담임교사; 상담,preferred_vi 입력 필요
상담필요한,일정,평가 결과 상담이 필요한 경우 담임교사에게 연락해 주세요,N,담임교사; 상담,preferred_vi 입력 필요
상담필요한경우,일정,평가 결과 상담이 필요한 경우 담임교사에게 연락해 주세요,N,담임교사; 상담,preferred_vi 입력 필요
평가 결과 상담,일정,평가 결과 상담이 필요한 경우 담임교사에게 연락해 주세요,N,담임교사; 상담,preferred_vi 입력 필요
평가결과상담,일정,평가 결과 상담이 필요한 경우 담임교사에게 연락해 주세요,N,담임교사; 상담,preferred_vi 입력 필요
5000원,비용,인형극 관람비 5000원을 내 주세요,N,,preferred_vi 입력 필요
관람비,비용,인형극 관람비 5000원을 내 주세요,N,,preferred_vi 입력 필요
관람비 5000원,비용,인형극 관람비 5000원을 내 주세요,N,,preferred_vi 입력 필요
관람비5000원,비용,인형극 관람비 5000원을 내 주세요,N,,preferred_vi 입력 필요
인형극,비용,인형극 관람비 5000원을 내 주세요,N,,preferred_vi 입력 필요
인형극 관람비,비용,인형극 관람비 5000원을 내 주세요,N,,preferred_vi 입력 필요
인형극 관람비 5000원,비용,인형극 관람비 5000원을 내 주세요,N,,preferred_vi 입력 필요
인형극관람비,비용,인형극 관람비 5000원을 내 주세요,N,,preferred_vi 입력 필요
인형극관람비5000원,비용,인형극 관람비 5000원을 내 주세요,N,,preferred_vi 입력 필요
관람비 5000원 월요일,일정,인형극 관람비 5000원은 다음 주 월요일까지 납부해 주세요,N,납부,preferred_vi 입력 필요
관람비5000원월요일,일정,인형극 관람비 5000원은 다음 주 월요일까지 납부해 주세요,N,납부,preferred_vi 입력 필요
납부해,일정,인형극 관람비 5000원은 다음 주 월요일까지 납부해 주세요,N,납부,preferred_vi 입력 필요
월요일,일정,인형극 관람비 5000원은 다음 주 월요일까지 납부해 주세요,N,납부,preferred_vi 입력 필요
건강기록,건강·안전,독감 예방접종 여부를 카드에 써 주세요,N,예방접종; 독감,preferred_vi 입력 필요
독감,건강·안전,독감 예방접종 여부를 카드에 써 주세요,Y,예방접종; 독감,기존 사전 용어
예방접종,건강·안전,독감 예방접종 여부를 카드에 써 주세요,Y,예방접종; 독감,기존 사전 용어
보호케이스,기타,태블릿 보호 케이스를 사용해 주세요,N,,preferred_vi 입력 필요
태블릿,기타,태블릿 보호 케이스를 사용해 주세요,N,,preferred_vi 입력 필요
학교앱,기타,결석하면 오전 9시 전까지 이유를 앱에 써 주세요,N,결석,preferred_vi 입력 필요
10일,일정,간식비 15000원이 매월 10일에 빠져나갑니다,N,간식비; 간식,preferred_vi 입력 필요
15000원,일정,간식비 15000원이 매월 10일에 빠져나갑니다,N,간식비; 간식,preferred_vi 입력 필요
간식비 15000원,일정,간식비 15000원이 매월 10일에 빠져나갑니다,N,간식비; 간식,preferred_vi 입력 필요
간식비 15000원 10일,일정,간식비 15000원이 매월 10일에 빠져나갑니다,N,간식비; 간식,preferred_vi 입력 필요
간식비15000원,일정,간식비 15000원이 매월 10일에 빠져나갑니다,N,간식비; 간식,preferred_vi 입력 필요
간식비15000원10일,일정,간식비 15000원이 매월 10일에 빠져나갑니다,N,간식비; 간식,preferred_vi 입력 필요
20일,일정,12월 20일에 크리스마스 발표회가 있습니다,N,,preferred_vi 입력 필요
발표회,일정,12월 20일에 크리스마스 발표회가 있습니다,N,,preferred_vi 입력 필요
크리스마스,일정,12월 20일에 크리스마스 발표회가 있습니다,N,,preferred_vi 입력 필요
낮잠이불,기타,낮잠 이불을 빨아서 보내 주세요,N,,preferred_vi 입력 필요
세탁,기타,낮잠 이불을 빨아서 보내 주세요,N,,preferred_vi 입력 필요
방과후미술,일정,방과후 미술은 화요일 오후에 합니다,N,,preferred_vi 입력 필요
화요일,일정,방과후 미술은 화요일 오후에 합니다,N,,preferred_vi 입력 필요
동의서 내야,제출,졸업사진을 찍으려면 동의서를 내야 합니다,N,동의서,preferred_vi 입력 필요
동의서내야,제출,졸업사진을 찍으려면 동의서를 내야 합니다,N,동의서,preferred_vi 입력 필요
졸업사진,제출,졸업사진을 찍으려면 동의서를 내야 합니다,N,동의서,preferred_vi 입력 필요
졸업사진 찍으려면 동의서,제출,졸업사진을 찍으려면 동의서를 내야 합니다,N,동의서,preferred_vi 입력 필요
졸업사진찍으려면동의서,제출,졸업사진을 찍으려면 동의서를 내야 합니다,N,동의서,preferred_vi 입력 필요
찍으려면 동의서,제출,졸업사진을 찍으려면 동의서를 내야 합니다,N,동의서,preferred_vi 입력 필요
찍으려면 동의서 내야,제출,졸업사진을 찍으려면 동의서를 내야 합니다,N,동의서,preferred_vi 입력 필요
찍으려면동의서,제출,졸업사진을 찍으려면 동의서를 내야 합니다,N,동의서,preferred_vi 입력 필요
찍으려면동의서내야,제출,졸업사진을 찍으려면 동의서를 내야 합니다,N,동의서,preferred_vi 입력 필요
동의서 제출하지,제출,졸업사진 촬영 동의서를 제출하지 않으면 촬영이 어렵습니다,N,동의서; 제출,preferred_vi 입력 필요
동의서 제출하지 않으면,제출,졸업사진 촬영 동의서를 제출하지 않으면 촬영이 어렵습니다,N,동의서; 제출,preferred_vi 입력 필요
동의서제출하지,제출,졸업사진 촬영 동의서를 제출하지 않으면 촬영이 어렵습니다,N,동의서; 제출,preferred_vi 입력 필요
동의서제출하지않으면,제출,졸업사진 촬영 동의서를 제출하지 않으면 촬영이 어렵습니다,N,동의서; 제출,preferred_vi 입력 필요
제출하지,제출,졸업사진 촬영 동의서를 제출하지 않으면 촬영이 어렵습니다,N,동의서; 제출,preferred_vi 입력 필요
졸업사진 촬영 동의서,제출,졸업사진 촬영 동의서를 제출하지 않으면 촬영이 어렵습니다,N,동의서; 제출,preferred_vi 입력 필요
졸업사진촬영동의서,제출,졸업사진 촬영 동의서를 제출하지 않으면 촬영이 어렵습니다,N,동의서; 제출,preferred_vi 입력 필요
촬영 동의서,제출,졸업사진 촬영 동의서를 제출하지 않으면 촬영이 어렵습니다,N,동의서; 제출,preferred_vi 입력 필요
촬영 동의서 제출하지,제출,졸업사진 촬영 동의서를 제출하지 않으면 촬영이 어렵습니다,N,동의서; 제출,preferred_vi 입력 필요
촬영동의서,제출,졸업사진 촬영 동의서를 제출하지 않으면 촬영이 어렵습니다,N,동의서; 제출,preferred_vi 입력 필요
촬영동의서제출하지,제출,졸업사진 촬영 동의서를 제출하지 않으면 촬영이 어렵습니다,N,동의서; 제출,preferred_vi 입력 필요
도시락,준비물,운동회 날 점심 도시락을 준비해 주세요,Y,도시락; 운동회,기존 사전 용어
도시락 준비해,준비물,운동회 날 점심 도시락을 준비해 주세요,N,도시락; 운동회,preferred_vi 입력 필요
도시락준비해,준비물,운동회 날 점심 도시락을 준비해 주세요,N,도시락; 운동회,preferred_vi 입력 필요
점심 도시락 준비해,준비물,운동회 날 점심 도시락을 준비해 주세요,N,도시락; 운동회,preferred_vi 입력 필요
점심도시락준비해,준비물,운동회 날 점심 도시락을 준비해 주세요,N,도시락; 운동회,preferred_vi 입력 필요
급식,일정,운동회 당일 급식은 제공되지 않으니 점심 도시락을 준비해 주세요,Y,도시락; 운동회; 급식,기존 사전 용어
당일,일정,운동회 당일 급식은 제공되지 않으니 점심 도시락을 준비해 주세요,N,도시락; 운동회; 급식,preferred_vi 입력 필요
안전,건강·안전,아이 안전을 위해 장신구는 하지 않게 해 주세요,N,,preferred_vi 입력 필요
장신구,건강·안전,아이 안전을 위해 장신구는 하지 않게 해 주세요,N,,preferred_vi 입력 필요
원아,비용,원아 안전을 위해 귀걸이 목걸이 등 장신구 착용을 피해주세요,N,,preferred_vi 입력 필요
계좌 바꾸려면 신청서,제출,스쿨뱅킹 계좌를 바꾸려면 신청서를 내 주세요,N,스쿨뱅킹; 신청서,preferred_vi 입력 필요
계좌바꾸려면신청서,제출,스쿨뱅킹 계좌를 바꾸려면 신청서를 내 주세요,N,스쿨뱅킹; 신청서,preferred_vi 입력 필요
계좌변경,제출,스쿨뱅킹 계좌를 바꾸려면 신청서를 내 주세요,N,스쿨뱅킹; 신청서,preferred_vi 입력 필요
바꾸려면 신청서,제출,스쿨뱅킹 계좌를 바꾸려면 신청서를 내 주세요,N,스쿨뱅킹; 신청서,preferred_vi 입력 필요
바꾸려면신청서,제출,스쿨뱅킹 계좌를 바꾸려면 신청서를 내 주세요,N,스쿨뱅킹; 신청서,preferred_vi 입력 필요
스쿨뱅킹,제출,스쿨뱅킹 계좌를 바꾸려면 신청서를 내 주세요,Y,스쿨뱅킹; 신청서,기존 사전 용어
신청서,제출,스쿨뱅킹 계좌를 바꾸려면 신청서를 내 주세요,Y,스쿨뱅킹; 신청서,기존 사전 용어
계좌 변경 신청서,제출,스쿨뱅킹 계좌 변경 신청서는 행정실에 제출해 주세요,N,스쿨뱅킹; 신청서; 행정실; 제출,preferred_vi 입력 필요
계좌변경신청서,제출,스쿨뱅킹 계좌 변경 신청서는 행정실에 제출해 주세요,N,스쿨뱅킹; 신청서; 행정실; 제출,preferred_vi 입력 필요
변경 신청서,제출,스쿨뱅킹 계좌 변경 신청서는 행정실에 제출해 주세요,N,스쿨뱅킹; 신청서; 행정실; 제출,preferred_vi 입력 필요
변경 신청서 행정실,제출,스쿨뱅킹 계좌 변경 신청서는 행정실에 제출해 주세요,N,스쿨뱅킹; 신청서; 행정실; 제출,preferred_vi 입력 필요
변경신청서,제출,스쿨뱅킹 계좌 변경 신청서는 행정실에 제출해 주세요,N,스쿨뱅킹; 신청서; 행정실; 제출,preferred_vi 입력 필요
변경신청서행정실,제출,스쿨뱅킹 계좌 변경 신청서는 행정실에 제출해 주세요,N,스쿨뱅킹; 신청서; 행정실; 제출,preferred_vi 입력 필요
신청서 행정실,제출,스쿨뱅킹 계좌 변경 신청서는 행정실에 제출해 주세요,N,스쿨뱅킹; 신청서; 행정실; 제출,preferred_vi 입력 필요
신청서 행정실 제출해,제출,스쿨뱅킹 계좌 변경 신청서는 행정실에 제출해 주세요,N,스쿨뱅킹; 신청서; 행정실; 제출,preferred_vi 입력 필요
신청서행정실,제출,스쿨뱅킹 계좌 변경 신청서는 행정실에 제출해 주세요,N,스쿨뱅킹; 신청서; 행정실; 제출,preferred_vi 입력 필요
신청서행정실제출해,제출,스쿨뱅킹 계좌 변경 신청서는 행정실에 제출해 주세요,N,스쿨뱅킹; 신청서; 행정실; 제출,preferred_vi 입력 필요
행정실,제출,스쿨뱅킹 계좌 변경 신청서는 행정실에 제출해 주세요,Y,스쿨뱅킹; 신청서; 행정실; 제출,기존 사전 용어
사물함,준비물,사물함 이름표 스티커를 준비해 주세요,N,,preferred_vi 입력 필요
스티커 준비해,준비물,사물함 이름표 스티커를 준비해 주세요,N,,preferred_vi 입력 필요
스티커준비해,준비물,사물함 이름표 스티커를 준비해 주세요,N,,preferred_vi 입력 필요
이름표,준비물,사물함 이름표 스티커를 준비해 주세요,N,,preferred_vi 입력 필요
이름표 스티커 준비해,준비물,사물함 이름표 스티커를 준비해 주세요,N,,preferred_vi 입력 필요
이름표스티커준비해,준비물,사물함 이름표 스티커를 준비해 주세요,N,,preferred_vi 입력 필요
16일,일정,5월 16일 오전에 건강검진을 합니다,N,건강검진,preferred_vi 입력 필요
건강검진,일정,5월 16일 오전에 건강검진을 합니다,Y,건강검진,기존 사전 용어
목요일,일정,학생 건강검진은 5월 16일 목요일 오전에 실시됩니다,N,건강검진,preferred_vi 입력 필요
등원시간,비용,발표회 날 오전 9시까지 와 주세요,N,,preferred_vi 입력 필요
등원해야,일정,발표회 당일 아이들은 오전 9시까지 등원해야 합니다,N,등원,preferred_vi 입력 필요
개인 물병,일정,깨끗한 개인 물병을 매일 보내 주세요,Y,개인 물병,기존 사전 용어
개인 물병 매일,일정,깨끗한 개인 물병을 매일 보내 주세요,N,개인 물병,preferred_vi 입력 필요
개인물병,일정,깨끗한 개인 물병을 매일 보내 주세요,N,개인 물병,preferred_vi 입력 필요
개인물병매일,일정,깨끗한 개인 물병을 매일 보내 주세요,N,개인 물병,preferred_vi 입력 필요
깨끗한 개인 물병,일정,깨끗한 개인 물병을 매일 보내 주세요,N,개인 물병,preferred_vi 입력 필요
깨끗한개인물병,일정,깨끗한 개인 물병을 매일 보내 주세요,N,개인 물병,preferred_vi 입력 필요
매일,일정,깨끗한 개인 물병을 매일 보내 주세요,N,개인 물병,preferred_vi 입력 필요
물병,일정,깨끗한 개인 물병을 매일 보내 주세요,N,개인 물병,preferred_vi 입력 필요
물병 매일,일정,깨끗한 개인 물병을 매일 보내 주세요,N,개인 물병,preferred_vi 입력 필요
물병매일,일정,깨끗한 개인 물병을 매일 보내 주세요,N,개인 물병,preferred_vi 입력 필요
물병 매일 세척하여,일정,개인 물병을 매일 세척하여 보내 주세요,N,개인 물병,preferred_vi 입력 필요
물병매일세척하여,일정,개인 물병을 매일 세척하여 보내 주세요,N,개인 물병,preferred_vi 입력 필요
운동화,기타,체험놀이 날 편한 옷과 운동화를 신겨 주세요,N,,preferred_vi 입력 필요
체험놀,기타,체험놀이 날 편한 옷과 운동화를 신겨 주세요,N,,preferred_vi 입력 필요
원내,비용,원내 체험놀이가 있는 날에는 편한 바지와 운동화를 착용해 주세요,N,,preferred_vi 입력 필요
쉬운 도시락 준비해,준비물,아이가 먹기 쉬운 도시락을 준비해 주세요,N,도시락,preferred_vi 입력 필요
쉬운도시락준비해,준비물,아이가 먹기 쉬운 도시락을 준비해 주세요,N,도시락,preferred_vi 입력 필요
현장학습,준비물,아이가 먹기 쉬운 도시락을 준비해 주세요,N,도시락,preferred_vi 입력 필요
쉬운 음식 준비해,준비물,현장학습 도시락은 아이가 먹기 쉬운 음식으로 준비해 주세요,N,도시락,preferred_vi 입력 필요
쉬운음식준비해,준비물,현장학습 도시락은 아이가 먹기 쉬운 음식으로 준비해 주세요,N,도시락,preferred_vi 입력 필요
음식 준비해,준비물,현장학습 도시락은 아이가 먹기 쉬운 음식으로 준비해 주세요,N,도시락,preferred_vi 입력 필요
음식준비해,준비물,현장학습 도시락은 아이가 먹기 쉬운 음식으로 준비해 주세요,N,도시락,preferred_vi 입력 필요
현장학습 도시락,준비물,현장학습 도시락은 아이가 먹기 쉬운 음식으로 준비해 주세요,N,도시락,preferred_vi 입력 필요
현장학습 도시락 아,준비물,현장학습 도시락은 아이가 먹기 쉬운 음식으로 준비해 주세요,N,도시락,preferred_vi 입력 필요
현장학습도시락,준비물,현장학습 도시락은 아이가 먹기 쉬운 음식으로 준비해 주세요,N,도시락,preferred_vi 입력 필요
현장학습도시락아,준비물,현장학습 도시락은 아이가 먹기 쉬운 음식으로 준비해 주세요,N,도시락,preferred_vi 입력 필요
감염병,건강·안전,열이나 기침이 있으면 담임선생님께 알려 주세요,Y,,기존 사전 용어
기침,기타,열이나 기침이 있으면 담임선생님께 알려 주세요,N,,preferred_vi 입력 필요
발열,기타,열이나 기침이 있으면 담임선생님께 알려 주세요,N,,preferred_vi 입력 필요
2일,일정,10월 2일은 학교에 오지 않습니다,N,,preferred_vi 입력 필요
임시공휴일,일정,10월 2일은 학교에 오지 않습니다,N,,preferred_vi 입력 필요
휴업,일정,10월 2일은 학교에 오지 않습니다,N,,preferred_vi 입력 필요
리코더,준비물,다음 주까지 리코더를 준비해 주세요,N,,preferred_vi 입력 필요
리코더 준비해,준비물,다음 주까지 리코더를 준비해 주세요,N,,preferred_vi 입력 필요
리코더준비해,준비물,다음 주까지 리코더를 준비해 주세요,N,,preferred_vi 입력 필요
음악수업,일정,다음 주까지 리코더를 준비해 주세요,N,,preferred_vi 입력 필요
주까지 리코더 준비해,준비물,다음 주까지 리코더를 준비해 주세요,N,,preferred_vi 입력 필요
주까지리코더준비해,준비물,다음 주까지 리코더를 준비해 주세요,N,,preferred_vi 입력 필요
1악기 수업,일정,1인 1악기 수업을 위해 리코더를 다음 주까지 준비해 주세요,N,,preferred_vi 입력 필요
1악기 수업 위해,일정,1인 1악기 수업을 위해 리코더를 다음 주까지 준비해 주세요,N,,preferred_vi 입력 필요
1악기수업,일정,1인 1악기 수업을 위해 리코더를 다음 주까지 준비해 주세요,N,,preferred_vi 입력 필요
1악기수업위해,일정,1인 1악기 수업을 위해 리코더를 다음 주까지 준비해 주세요,N,,preferred_vi 입력 필요
1인 1악기 수업,일정,1인 1악기 수업을 위해 리코더를 다음 주까지 준비해 주세요,N,,preferred_vi 입력 필요
1인1악기수업,일정,1인 1악기 수업을 위해 리코더를 다음 주까지 준비해 주세요,N,,preferred_vi 입력 필요
리코더 주까지 준비해,일정,1인 1악기 수업을 위해 리코더를 다음 주까지 준비해 주세요,N,,preferred_vi 입력 필요
리코더주까지준비해,일정,1인 1악기 수업을 위해 리코더를 다음 주까지 준비해 주세요,N,,preferred_vi 입력 필요
수업,일정,1인 1악기 수업을 위해 리코더를 다음 주까지 준비해 주세요,N,,preferred_vi 입력 필요
수업 위해,일정,1인 1악기 수업을 위해 리코더를 다음 주까지 준비해 주세요,N,,preferred_vi 입력 필요
수업 위해 리코더,일정,1인 1악기 수업을 위해 리코더를 다음 주까지 준비해 주세요,N,,preferred_vi 입력 필요
수업위해,일정,1인 1악기 수업을 위해 리코더를 다음 주까지 준비해 주세요,N,,preferred_vi 입력 필요
수업위해리코더,일정,1인 1악기 수업을 위해 리코더를 다음 주까지 준비해 주세요,N,,preferred_vi 입력 필요
주까지 준비해,일정,1인 1악기 수업을 위해 리코더를 다음 주까지 준비해 주세요,N,,preferred_vi 입력 필요
주까지준비해,일정,1인 1악기 수업을 위해 리코더를 다음 주까지 준비해 주세요,N,,preferred_vi 입력 필요
안에 응급처치 동의서,제출,이번 주 안에 응급처치 동의서를 내 주세요,N,응급처치; 동의서,preferred_vi 입력 필요
안에응급처치동의서,제출,이번 주 안에 응급처치 동의서를 내 주세요,N,응급처치; 동의서,preferred_vi 입력 필요
응급처치 동의서,제출,이번 주 안에 응급처치 동의서를 내 주세요,N,응급처치; 동의서,preferred_vi 입력 필요
응급처치동의서,제출,이번 주 안에 응급처치 동의서를 내 주세요,N,응급처치; 동의서,preferred_vi 입력 필요
동의서 아직,제출,응급처치 동의서를 아직 제출하지 않은 가정은 이번 주 안에 제출해 주세요,N,응급처치; 동의서; 제출,preferred_vi 입력 필요
동의서 아직 제출하지,제출,응급처치 동의서를 아직 제출하지 않은 가정은 이번 주 안에 제출해 주세요,N,응급처치; 동의서; 제출,preferred_vi 입력 필요
동의서아직,제출,응급처치 동의서를 아직 제출하지 않은 가정은 이번 주 안에 제출해 주세요,N,응급처치; 동의서; 제출,preferred_vi 입력 필요
동의서아직제출하지,제출,응급처치 동의서를 아직 제출하지 않은 가정은 이번 주 안에 제출해 주세요,N,응급처치; 동의서; 제출,preferred_vi 입력 필요
응급처치 동의서 아직,제출,응급처치 동의서를 아직 제출하지 않은 가정은 이번 주 안에 제출해 주세요,N,응급처치; 동의서; 제출,preferred_vi 입력 필요
응급처치동의서아직,제출,응급처치 동의서를 아직 제출하지 않은 가정은 이번 주 안에 제출해 주세요,N,응급처치; 동의서; 제출,preferred_vi 입력 필요
기초조사서,일정,내일까지 학생 기초조사서를 내 주세요,N,조사서,preferred_vi 입력 필요
내일,일정,내일까지 학생 기초조사서를 내 주세요,N,조사서,preferred_vi 입력 필요
내일 기초조사서,일정,내일까지 학생 기초조사서를 내 주세요,N,조사서,preferred_vi 입력 필요
내일기초조사서,일정,내일까지 학생 기초조사서를 내 주세요,N,조사서,preferred_vi 입력 필요
조사서,일정,내일까지 학생 기초조사서를 내 주세요,Y,조사서,기존 사전 용어
기초조사서 내일,일정,학생 기초조사서를 내일까지 담임선생님께 제출해 주세요,N,조사서; 제출,preferred_vi 입력 필요
기초조사서 내일 담임선생님께,일정,학생 기초조사서를 내일까지 담임선생님께 제출해 주세요,N,조사서; 제출,preferred_vi 입력 필요
기초조사서내일,일정,학생 기초조사서를 내일까지 담임선생님께 제출해 주세요,N,조사서; 제출,preferred_vi 입력 필요
기초조사서내일담임선생님께,일정,학생 기초조사서를 내일까지 담임선생님께 제출해 주세요,N,조사서; 제출,preferred_vi 입력 필요
겨울방학,제출,겨울방학 방과후 과정 신청 여부를 알려 주세요,N,방학,preferred_vi 입력 필요
방과후과정,제출,겨울방학 방과후 과정 신청 여부를 알려 주세요,N,방학,preferred_vi 입력 필요
방학,제출,겨울방학 방과후 과정 신청 여부를 알려 주세요,Y,방학,기존 사전 용어
신청,제출,겨울방학 방과후 과정 신청 여부를 알려 주세요,N,방학,preferred_vi 입력 필요
등본,제출,전입생은 등본과 예방접종 확인서를 내 주세요,N,예방접종; 확인서,preferred_vi 입력 필요
등본 예방접종 확인서,제출,전입생은 등본과 예방접종 확인서를 내 주세요,N,예방접종; 확인서,preferred_vi 입력 필요
등본예방접종확인서,제출,전입생은 등본과 예방접종 확인서를 내 주세요,N,예방접종; 확인서,preferred_vi 입력 필요
예방접종 확인서,제출,전입생은 등본과 예방접종 확인서를 내 주세요,N,예방접종; 확인서,preferred_vi 입력 필요
예방접종확인서,제출,전입생은 등본과 예방접종 확인서를 내 주세요,N,예방접종; 확인서,preferred_vi 입력 필요
전입생,제출,전입생은 등본과 예방접종 확인서를 내 주세요,N,예방접종; 확인서,preferred_vi 입력 필요
확인서,제출,전입생은 등본과 예방접종 확인서를 내 주세요,Y,예방접종; 확인서,기존 사전 용어
서류,제출,전입생 서류는 주민등록등본과 예방접종 확인서입니다,N,예방접종; 확인서,preferred_vi 입력 필요
예방접종 확인서입니다,제출,전입생 서류는 주민등록등본과 예방접종 확인서입니다,N,예방접종; 확인서,preferred_vi 입력 필요
예방접종확인서입니다,제출,전입생 서류는 주민등록등본과 예방접종 확인서입니다,N,예방접종; 확인서,preferred_vi 입력 필요
주민등록등본 예방접종 확인서입니다,제출,전입생 서류는 주민등록등본과 예방접종 확인서입니다,N,예방접종; 확인서,preferred_vi 입력 필요
주민등록등본예방접종확인서입니다,제출,전입생 서류는 주민등록등본과 예방접종 확인서입니다,N,예방접종; 확인서,preferred_vi 입력 필요
확인서입니다,제출,전입생 서류는 주민등록등본과 예방접종 확인서입니다,N,예방접종; 확인서,preferred_vi 입력 필요
교육,기타,양성평등 교육 자료를 함께 확인해 주세요,N,,preferred_vi 입력 필요
교육 자료,기타,양성평등 교육 자료를 함께 확인해 주세요,N,,preferred_vi 입력 필요
교육 자료 함께,기타,양성평등 교육 자료를 함께 확인해 주세요,N,,preferred_vi 입력 필요
교육자료,기타,양성평등 교육 자료를 함께 확인해 주세요,N,,preferred_vi 입력 필요
교육자료함께,기타,양성평등 교육 자료를 함께 확인해 주세요,N,,preferred_vi 입력 필요
양성평등,기타,양성평등 교육 자료를 함께 확인해 주세요,N,,preferred_vi 입력 필요
양성평등 교육,기타,양성평등 교육 자료를 함께 확인해 주세요,N,,preferred_vi 입력 필요
양성평등 교육 자료,기타,양성평등 교육 자료를 함께 확인해 주세요,N,,preferred_vi 입력 필요
양성평등교육,기타,양성평등 교육 자료를 함께 확인해 주세요,N,,preferred_vi 입력 필요
양성평등교육자료,기타,양성평등 교육 자료를 함께 확인해 주세요,N,,preferred_vi 입력 필요
자료,기타,양성평등 교육 자료를 함께 확인해 주세요,N,,preferred_vi 입력 필요
자료 함께,기타,양성평등 교육 자료를 함께 확인해 주세요,N,,preferred_vi 입력 필요
자료 함께 확인해,기타,양성평등 교육 자료를 함께 확인해 주세요,N,,preferred_vi 입력 필요
자료함께,기타,양성평등 교육 자료를 함께 확인해 주세요,N,,preferred_vi 입력 필요
자료함께확인해,기타,양성평등 교육 자료를 함께 확인해 주세요,N,,preferred_vi 입력 필요
교육 자료 가정,기타,양성평등 교육 자료를 가정에서 함께 확인해 주세요,N,,preferred_vi 입력 필요
교육자료가정,기타,양성평등 교육 자료를 가정에서 함께 확인해 주세요,N,,preferred_vi 입력 필요
자료 가정,기타,양성평등 교육 자료를 가정에서 함께 확인해 주세요,N,,preferred_vi 입력 필요
자료 가정 함께,기타,양성평등 교육 자료를 가정에서 함께 확인해 주세요,N,,preferred_vi 입력 필요
자료가정,기타,양성평등 교육 자료를 가정에서 함께 확인해 주세요,N,,preferred_vi 입력 필요
자료가정함께,기타,양성평등 교육 자료를 가정에서 함께 확인해 주세요,N,,preferred_vi 입력 필요
급식모니터링,제출,급식 모니터링을 원하면 신청서를 내 주세요,N,신청서; 급식,preferred_vi 입력 필요
모니터링 원하면 신청서,제출,급식 모니터링을 원하면 신청서를 내 주세요,N,신청서; 급식,preferred_vi 입력 필요
모니터링원하면신청서,제출,급식 모니터링을 원하면 신청서를 내 주세요,N,신청서; 급식,preferred_vi 입력 필요
원하면,제출,급식 모니터링을 원하면 신청서를 내 주세요,N,신청서; 급식,preferred_vi 입력 필요
원하면 신청서,제출,급식 모니터링을 원하면 신청서를 내 주세요,N,신청서; 급식,preferred_vi 입력 필요
원하면신청서,제출,급식 모니터링을 원하면 신청서를 내 주세요,N,신청서; 급식,preferred_vi 입력 필요
신청서 제출해,제출,급식 모니터링 참여 신청을 원하는 학부모님은 신청서를 제출해 주세요,N,신청서; 급식; 제출,preferred_vi 입력 필요
신청서제출해,제출,급식 모니터링 참여 신청을 원하는 학부모님은 신청서를 제출해 주세요,N,신청서; 급식; 제출,preferred_vi 입력 필요
원하 학부모님 신청서,제출,급식 모니터링 참여 신청을 원하는 학부모님은 신청서를 제출해 주세요,N,신청서; 급식; 제출,preferred_vi 입력 필요
원하학부모님신청서,제출,급식 모니터링 참여 신청을 원하는 학부모님은 신청서를 제출해 주세요,N,신청서; 급식; 제출,preferred_vi 입력 필요
학부모님 신청서,제출,급식 모니터링 참여 신청을 원하는 학부모님은 신청서를 제출해 주세요,N,신청서; 급식; 제출,preferred_vi 입력 필요
학부모님 신청서 제출해,제출,급식 모니터링 참여 신청을 원하는 학부모님은 신청서를 제출해 주세요,N,신청서; 급식; 제출,preferred_vi 입력 필요
학부모님신청서,제출,급식 모니터링 참여 신청을 원하는 학부모님은 신청서를 제출해 주세요,N,신청서; 급식; 제출,preferred_vi 입력 필요
학부모님신청서제출해,제출,급식 모니터링 참여 신청을 원하는 학부모님은 신청서를 제출해 주세요,N,신청서; 급식; 제출,preferred_vi 입력 필요
텀블러,기타,개인 텀블러 사용을 권장합니다,N,,preferred_vi 입력 필요
환경보호,기타,개인 텀블러 사용을 권장합니다,N,,preferred_vi 입력 필요
귀가시간,기타,귀가 시간이 바뀌면 키즈노트로 알려 주세요,N,키즈노트,preferred_vi 입력 필요
키즈노트,기타,귀가 시간이 바뀌면 키즈노트로 알려 주세요,Y,키즈노트,기존 사전 용어
상담 시간,일정,상담 시간을 키즈노트 설문에서 골라 주세요,N,키즈노트; 상담,preferred_vi 입력 필요
상담 시간 키즈노트,일정,상담 시간을 키즈노트 설문에서 골라 주세요,N,키즈노트; 상담,preferred_vi 입력 필요
상담시간,일정,상담 시간을 키즈노트 설문에서 골라 주세요,N,키즈노트; 상담,preferred_vi 입력 필요
상담시간키즈노트,일정,상담 시간을 키즈노트 설문에서 골라 주세요,N,키즈노트; 상담,preferred_vi 입력 필요
희망시간,일정,상담 시간을 키즈노트 설문에서 골라 주세요,N,키즈노트; 상담,preferred_vi 입력 필요
상담 희망,일정,학부모 상담 희망 시간을 키즈노트 설문으로 선택해 주세요,N,학부모 상담; 키즈노트; 상담,preferred_vi 입력 필요
상담 희망 시간,일정,학부모 상담 희망 시간을 키즈노트 설문으로 선택해 주세요,N,학부모 상담; 키즈노트; 상담,preferred_vi 입력 필요
상담희망,일정,학부모 상담 희망 시간을 키즈노트 설문으로 선택해 주세요,N,학부모 상담; 키즈노트; 상담,preferred_vi 입력 필요
상담희망시간,일정,학부모 상담 희망 시간을 키즈노트 설문으로 선택해 주세요,N,학부모 상담; 키즈노트; 상담,preferred_vi 입력 필요
안전벨트,건강·안전,버스를 탈 때 안전벨트를 꼭 합니다,N,,preferred_vi 입력 필요
수요일,일정,이번 주 수요일까지 스포츠클럽을 신청해 주세요,N,,preferred_vi 입력 필요
스포츠클럽,일정,이번 주 수요일까지 스포츠클럽을 신청해 주세요,N,,preferred_vi 입력 필요
신청해,일정,이번 주 수요일까지 스포츠클럽을 신청해 주세요,N,,preferred_vi 입력 필요
참가신청,일정,이번 주 수요일까지 스포츠클럽을 신청해 주세요,N,,preferred_vi 입력 필요
급식없음,일정,종업식 날에는 급식 없이 4교시 후 집에 갑니다,N,종업식; 급식,preferred_vi 입력 필요
종업식,일정,종업식 날에는 급식 없이 4교시 후 집에 갑니다,Y,종업식; 급식,기존 사전 용어
하교,일정,종업식 당일에는 급식 없이 4교시 후 하교합니다,Y,종업식; 급식; 하교,기존 사전 용어
27일,일정,9월 27일 유치원 강당에서 운동회를 합니다,N,운동회,preferred_vi 입력 필요
강당,일정,9월 27일 유치원 강당에서 운동회를 합니다,N,운동회,preferred_vi 입력 필요
유치원,일정,9월 27일 유치원 강당에서 운동회를 합니다,N,운동회,preferred_vi 입력 필요
등교시간,일정,체험학습 날 오전 8시 40분까지 학교에 오세요,N,체험학습,preferred_vi 입력 필요
체험학습 8시,일정,체험학습 날 오전 8시 40분까지 학교에 오세요,N,체험학습,preferred_vi 입력 필요
체험학습 8시 40분,일정,체험학습 날 오전 8시 40분까지 학교에 오세요,N,체험학습,preferred_vi 입력 필요
체험학습8시,일정,체험학습 날 오전 8시 40분까지 학교에 오세요,N,체험학습,preferred_vi 입력 필요
체험학습8시40분,일정,체험학습 날 오전 8시 40분까지 학교에 오세요,N,체험학습,preferred_vi 입력 필요
등교,일정,체험학습 당일 오전 8시 40분까지 교실로 등교해 주세요,Y,체험학습; 등교,기존 사전 용어
체험학습 당일,일정,체험학습 당일 오전 8시 40분까지 교실로 등교해 주세요,N,체험학습; 등교,preferred_vi 입력 필요
체험학습 당일 8시,일정,체험학습 당일 오전 8시 40분까지 교실로 등교해 주세요,N,체험학습; 등교,preferred_vi 입력 필요
체험학습당일,일정,체험학습 당일 오전 8시 40분까지 교실로 등교해 주세요,N,체험학습; 등교,preferred_vi 입력 필요
체험학습당일8시,일정,체험학습 당일 오전 8시 40분까지 교실로 등교해 주세요,N,체험학습; 등교,preferred_vi 입력 필요
교통안전,건강·안전,횡단보도에서 좌우를 보고 건너도록 알려 주세요,Y,,기존 사전 용어
횡단보,기타,횡단보도에서 좌우를 보고 건너도록 알려 주세요,N,,preferred_vi 입력 필요
보험,제출,보험 가입에 필요한 정보를 제출해 주세요,N,제출,preferred_vi 입력 필요
뒷자리 비공개,일정,체험학습 보험 가입을 위해 주민등록번호 뒷자리를 비공개로 제출해 주세요,N,체험학습; 번호; 제출,preferred_vi 입력 필요
뒷자리 비공개 제출해,일정,체험학습 보험 가입을 위해 주민등록번호 뒷자리를 비공개로 제출해 주세요,N,체험학습; 번호; 제출,preferred_vi 입력 필요
뒷자리비공개,일정,체험학습 보험 가입을 위해 주민등록번호 뒷자리를 비공개로 제출해 주세요,N,체험학습; 번호; 제출,preferred_vi 입력 필요
뒷자리비공개제출해,일정,체험학습 보험 가입을 위해 주민등록번호 뒷자리를 비공개로 제출해 주세요,N,체험학습; 번호; 제출,preferred_vi 입력 필요
번호,일정,체험학습 보험 가입을 위해 주민등록번호 뒷자리를 비공개로 제출해 주세요,Y,체험학습; 번호; 제출,기존 사전 용어
비공개,일정,체험학습 보험 가입을 위해 주민등록번호 뒷자리를 비공개로 제출해 주세요,N,체험학습; 번호; 제출,preferred_vi 입력 필요
비공개 제출해,일정,체험학습 보험 가입을 위해 주민등록번호 뒷자리를 비공개로 제출해 주세요,N,체험학습; 번호; 제출,preferred_vi 입력 필요
비공개제출해,일정,체험학습 보험 가입을 위해 주민등록번호 뒷자리를 비공개로 제출해 주세요,N,체험학습; 번호; 제출,preferred_vi 입력 필요
주민등록번호 뒷자리 비공개,일정,체험학습 보험 가입을 위해 주민등록번호 뒷자리를 비공개로 제출해 주세요,N,체험학습; 번호; 제출,preferred_vi 입력 필요
주민등록번호뒷자리비공개,일정,체험학습 보험 가입을 위해 주민등록번호 뒷자리를 비공개로 제출해 주세요,N,체험학습; 번호; 제출,preferred_vi 입력 필요
체험학습 보험,일정,체험학습 보험 가입을 위해 주민등록번호 뒷자리를 비공개로 제출해 주세요,N,체험학습; 번호; 제출,preferred_vi 입력 필요
체험학습 보험 가입,일정,체험학습 보험 가입을 위해 주민등록번호 뒷자리를 비공개로 제출해 주세요,N,체험학습; 번호; 제출,preferred_vi 입력 필요
체험학습보험,일정,체험학습 보험 가입을 위해 주민등록번호 뒷자리를 비공개로 제출해 주세요,N,체험학습; 번호; 제출,preferred_vi 입력 필요
체험학습보험가입,일정,체험학습 보험 가입을 위해 주민등록번호 뒷자리를 비공개로 제출해 주세요,N,체험학습; 번호; 제출,preferred_vi 입력 필요
급식알레르기,제출,급식 대체식을 원하면 신청서를 보건실에 내 주세요,N,신청서; 급식,preferred_vi 입력 필요
대체식,제출,급식 대체식을 원하면 신청서를 보건실에 내 주세요,N,신청서; 급식,preferred_vi 입력 필요
대체식 원하면 신청서,제출,급식 대체식을 원하면 신청서를 보건실에 내 주세요,N,신청서; 급식,preferred_vi 입력 필요
대체식원하면신청서,제출,급식 대체식을 원하면 신청서를 보건실에 내 주세요,N,신청서; 급식,preferred_vi 입력 필요
신청서 보건실,제출,급식 대체식을 원하면 신청서를 보건실에 내 주세요,N,신청서; 급식,preferred_vi 입력 필요
신청서보건실,제출,급식 대체식을 원하면 신청서를 보건실에 내 주세요,N,신청서; 급식,preferred_vi 입력 필요
원하면 신청서 보건실,제출,급식 대체식을 원하면 신청서를 보건실에 내 주세요,N,신청서; 급식,preferred_vi 입력 필요
원하면신청서보건실,제출,급식 대체식을 원하면 신청서를 보건실에 내 주세요,N,신청서; 급식,preferred_vi 입력 필요
대체식 신청서,제출,급식 알레르기 대체식 신청서는 보건실로 제출해 주세요,N,알레르기; 신청서; 급식; 제출,preferred_vi 입력 필요
대체식 신청서 보건실,제출,급식 알레르기 대체식 신청서는 보건실로 제출해 주세요,N,알레르기; 신청서; 급식; 제출,preferred_vi 입력 필요
대체식신청서,제출,급식 알레르기 대체식 신청서는 보건실로 제출해 주세요,N,알레르기; 신청서; 급식; 제출,preferred_vi 입력 필요
대체식신청서보건실,제출,급식 알레르기 대체식 신청서는 보건실로 제출해 주세요,N,알레르기; 신청서; 급식; 제출,preferred_vi 입력 필요
신청서 보건실 제출해,제출,급식 알레르기 대체식 신청서는 보건실로 제출해 주세요,N,알레르기; 신청서; 급식; 제출,preferred_vi 입력 필요
신청서보건실제출해,제출,급식 알레르기 대체식 신청서는 보건실로 제출해 주세요,N,알레르기; 신청서; 급식; 제출,preferred_vi 입력 필요
알레르기,제출,급식 알레르기 대체식 신청서는 보건실로 제출해 주세요,Y,알레르기; 신청서; 급식; 제출,기존 사전 용어
알레르기 대체식 신청서,제출,급식 알레르기 대체식 신청서는 보건실로 제출해 주세요,N,알레르기; 신청서; 급식; 제출,preferred_vi 입력 필요
알레르기대체식신청서,제출,급식 알레르기 대체식 신청서는 보건실로 제출해 주세요,N,알레르기; 신청서; 급식; 제출,preferred_vi 입력 필요
교과서,기타,교과서에 이름표를 붙여 주세요,N,,preferred_vi 입력 필요
신청한,제출,학부모 자원봉사는 먼저 신청한 순서로 받습니다,N,,preferred_vi 입력 필요
자원봉사,제출,학부모 자원봉사는 먼저 신청한 순서로 받습니다,N,,preferred_vi 입력 필요
재난안전,건강·안전,재난안전 활동지를 집으로 보냅니다,N,,preferred_vi 입력 필요
재난안전교육,건강·안전,재난안전 활동지를 집으로 보냅니다,N,,preferred_vi 입력 필요
활동지,건강·안전,재난안전 활동지를 집으로 보냅니다,N,,preferred_vi 입력 필요
안전교육,건강·안전,재난안전교육 후 가정 연계 활동지를 보내 드립니다,Y,안전교육,기존 사전 용어
재난안전교육 가정,건강·안전,재난안전교육 후 가정 연계 활동지를 보내 드립니다,N,안전교육,preferred_vi 입력 필요
재난안전교육 가정 연계,건강·안전,재난안전교육 후 가정 연계 활동지를 보내 드립니다,N,안전교육,preferred_vi 입력 필요
재난안전교육가정,건강·안전,재난안전교육 후 가정 연계 활동지를 보내 드립니다,N,안전교육,preferred_vi 입력 필요
재난안전교육가정연계,건강·안전,재난안전교육 후 가정 연계 활동지를 보내 드립니다,N,안전교육,preferred_vi 입력 필요
목도리,기타,추운 날에는 장갑과 목도리를 하면 좋습니다,N,,preferred_vi 입력 필요
장갑,기타,추운 날에는 장갑과 목도리를 하면 좋습니다,N,,preferred_vi 입력 필요
14000원,비용,현장학습 참가비 14000원을 내 주세요,N,,preferred_vi 입력 필요
참가비 14000원,비용,현장학습 참가비 14000원을 내 주세요,N,,preferred_vi 입력 필요
참가비14000원,비용,현장학습 참가비 14000원을 내 주세요,N,,preferred_vi 입력 필요
현장학습 참가비,비용,현장학습 참가비 14000원을 내 주세요,N,,preferred_vi 입력 필요
현장학습 참가비 14000원,비용,현장학습 참가비 14000원을 내 주세요,N,,preferred_vi 입력 필요
현장학습참가비,비용,현장학습 참가비 14000원을 내 주세요,N,,preferred_vi 입력 필요
현장학습참가비14000원,비용,현장학습 참가비 14000원을 내 주세요,N,,preferred_vi 입력 필요
참가비 14000원 납부해,비용,현장학습 참가비 14000원을 납부해 주세요,N,납부,preferred_vi 입력 필요
참가비14000원납부해,비용,현장학습 참가비 14000원을 납부해 주세요,N,납부,preferred_vi 입력 필요
복도안전,건강·안전,복도에서 뛰지 않게 알려 주세요,N,,preferred_vi 입력 필요
생활지,기타,복도에서 뛰지 않게 알려 주세요,N,,preferred_vi 입력 필요
개학,일정,새 교과서는 개학일에 나눠 줍니다,Y,개학,기존 사전 용어
개학일,일정,새 교과서는 개학일에 나눠 줍니다,N,개학,preferred_vi 입력 필요
학년,일정,새 학년 교과서는 개학일에 배부합니다,Y,개학; 학년,기존 사전 용어
12일,일정,6월 12일에 구강검진을 합니다,N,,preferred_vi 입력 필요
구강검진,일정,6월 12일에 구강검진을 합니다,N,,preferred_vi 입력 필요
보건소,일정,6월 12일에 구강검진을 합니다,N,,preferred_vi 입력 필요
15일,일정,4월 15일 음악실에서 합창부 오디션이 있습니다,N,,preferred_vi 입력 필요
오디션,일정,4월 15일 음악실에서 합창부 오디션이 있습니다,N,,preferred_vi 입력 필요
합창부,일정,4월 15일 음악실에서 합창부 오디션이 있습니다,N,,preferred_vi 입력 필요
태풍,기타,태풍 때 등교 시간 변경은 앱으로 알려 줍니다,N,등교,preferred_vi 입력 필요
검정색 바지 준비해,준비물,학예회 때 흰색 윗옷과 검정색 바지를 준비해 주세요,N,학예회,preferred_vi 입력 필요
검정색바지준비해,준비물,학예회 때 흰색 윗옷과 검정색 바지를 준비해 주세요,N,학예회,preferred_vi 입력 필요
바지 준비해,준비물,학예회 때 흰색 윗옷과 검정색 바지를 준비해 주세요,N,학예회,preferred_vi 입력 필요
바지준비해,준비물,학예회 때 흰색 윗옷과 검정색 바지를 준비해 주세요,N,학예회,preferred_vi 입력 필요
의상,준비물,학예회 때 흰색 윗옷과 검정색 바지를 준비해 주세요,N,학예회,preferred_vi 입력 필요
학예회,준비물,학예회 때 흰색 윗옷과 검정색 바지를 준비해 주세요,Y,학예회,기존 사전 용어
학교공사,기타,공사 때문에 후문으로 다녀 주세요,N,,preferred_vi 입력 필요
후문,기타,공사 때문에 후문으로 다녀 주세요,N,,preferred_vi 입력 필요
도서기증,비용,책 기증을 원하는 가정은 책을 보내 주세요,N,,preferred_vi 입력 필요
학급문고,비용,책 기증을 원하는 가정은 책을 보내 주세요,N,,preferred_vi 입력 필요
학급,기타,학급 문고 도서 기증을 희망하는 가정은 책을 보내 주세요,Y,학급,기존 사전 용어
보호자,기타,보호자 한 분이 평가 설문에 응답해 주세요,Y,보호자,기존 사전 용어
설문,기타,보호자 한 분이 평가 설문에 응답해 주세요,N,보호자,preferred_vi 입력 필요
유치원평,비용,보호자 한 분이 평가 설문에 응답해 주세요,N,보호자,preferred_vi 입력 필요
과학실험,기타,빈 페트병 1개를 씻어서 보내 주세요,N,,preferred_vi 입력 필요
페트병,기타,빈 페트병 1개를 씻어서 보내 주세요,N,,preferred_vi 입력 필요
하원,비용,하원 시간이 바뀌면 오후 1시 전까지 키즈노트로 알려 주세요,Y,키즈노트; 하원,기존 사전 용어
하원시간,비용,하원 시간이 바뀌면 오후 1시 전까지 키즈노트로 알려 주세요,N,키즈노트; 하원,preferred_vi 입력 필요
공개수업,일정,공개수업 날에는 대중교통을 이용해 주세요,Y,공개수업,기존 사전 용어
공개수업 날,일정,공개수업 날에는 대중교통을 이용해 주세요,N,공개수업,preferred_vi 입력 필요
공개수업 날에 대중교통,일정,공개수업 날에는 대중교통을 이용해 주세요,N,공개수업,preferred_vi 입력 필요
공개수업날,일정,공개수업 날에는 대중교통을 이용해 주세요,N,공개수업,preferred_vi 입력 필요
공개수업날에대중교통,일정,공개수업 날에는 대중교통을 이용해 주세요,N,공개수업,preferred_vi 입력 필요
주차,일정,공개수업 날에는 대중교통을 이용해 주세요,N,공개수업,preferred_vi 입력 필요
공개수업 당일,일정,공개수업 당일 주차 공간이 부족하니 대중교통을 이용해 주세요,N,공개수업,preferred_vi 입력 필요
공개수업 당일 주차,일정,공개수업 당일 주차 공간이 부족하니 대중교통을 이용해 주세요,N,공개수업,preferred_vi 입력 필요
공개수업당일,일정,공개수업 당일 주차 공간이 부족하니 대중교통을 이용해 주세요,N,공개수업,preferred_vi 입력 필요
공개수업당일주차,일정,공개수업 당일 주차 공간이 부족하니 대중교통을 이용해 주세요,N,공개수업,preferred_vi 입력 필요
물통,기타,깨끗한 물통에 이름을 붙여 보내 주세요,N,,preferred_vi 입력 필요
요리활동,건강·안전,알레르기 여부를 설문으로 알려 주세요,N,알레르기,preferred_vi 입력 필요
반납,기타,교과서 상태를 확인해 주세요,N,,preferred_vi 입력 필요
19일,일정,4월 19일에 어린이대공원으로 갑니다,N,,preferred_vi 입력 필요
어린이대공원,일정,4월 19일에 어린이대공원으로 갑니다,N,,preferred_vi 입력 필요
현장학습 4월,일정,봄 현장학습은 4월 19일 어린이대공원에서 진행됩니다,N,,preferred_vi 입력 필요
현장학습 4월 19일,일정,봄 현장학습은 4월 19일 어린이대공원에서 진행됩니다,N,,preferred_vi 입력 필요
현장학습4월,일정,봄 현장학습은 4월 19일 어린이대공원에서 진행됩니다,N,,preferred_vi 입력 필요
현장학습4월19일,일정,봄 현장학습은 4월 19일 어린이대공원에서 진행됩니다,N,,preferred_vi 입력 필요
생일잔치,일정,생일잔치 날 개인 선물은 보내지 않습니다,N,,preferred_vi 입력 필요
선물,일정,생일잔치 날 개인 선물은 보내지 않습니다,N,,preferred_vi 입력 필요
22일,일정,3월 22일 오후 2시에 학부모 총회가 있습니다,N,학부모 총회,preferred_vi 입력 필요
22일 2시 총회,일정,3월 22일 오후 2시에 학부모 총회가 있습니다,N,학부모 총회,preferred_vi 입력 필요
22일2시총회,일정,3월 22일 오후 2시에 학부모 총회가 있습니다,N,학부모 총회,preferred_vi 입력 필요
2시 총회,일정,3월 22일 오후 2시에 학부모 총회가 있습니다,N,학부모 총회,preferred_vi 입력 필요
2시총회,일정,3월 22일 오후 2시에 학부모 총회가 있습니다,N,학부모 총회,preferred_vi 입력 필요
총회,일정,3월 22일 오후 2시에 학부모 총회가 있습니다,N,학부모 총회,preferred_vi 입력 필요
학부모 총회,일정,3월 22일 오후 2시에 학부모 총회가 있습니다,Y,학부모 총회,기존 사전 용어
학부모총회,일정,3월 22일 오후 2시에 학부모 총회가 있습니다,N,학부모 총회,preferred_vi 입력 필요
1학기 총회,일정,1학기 학부모 총회는 3월 22일 금요일 오후 2시에 강당에서 열립니다,N,학부모 총회,preferred_vi 입력 필요
1학기 총회 3월,일정,1학기 학부모 총회는 3월 22일 금요일 오후 2시에 강당에서 열립니다,N,학부모 총회,preferred_vi 입력 필요
1학기총회,일정,1학기 학부모 총회는 3월 22일 금요일 오후 2시에 강당에서 열립니다,N,학부모 총회,preferred_vi 입력 필요
1학기총회3월,일정,1학기 학부모 총회는 3월 22일 금요일 오후 2시에 강당에서 열립니다,N,학부모 총회,preferred_vi 입력 필요
총회 3월,일정,1학기 학부모 총회는 3월 22일 금요일 오후 2시에 강당에서 열립니다,N,학부모 총회,preferred_vi 입력 필요
총회 3월 22일,일정,1학기 학부모 총회는 3월 22일 금요일 오후 2시에 강당에서 열립니다,N,학부모 총회,preferred_vi 입력 필요
총회3월,일정,1학기 학부모 총회는 3월 22일 금요일 오후 2시에 강당에서 열립니다,N,학부모 총회,preferred_vi 입력 필요
총회3월22일,일정,1학기 학부모 총회는 3월 22일 금요일 오후 2시에 강당에서 열립니다,N,학부모 총회,preferred_vi 입력 필요
영어 캠프 신청서,일정,6월 20일까지 영어 캠프 신청서를 내 주세요,N,신청서,preferred_vi 입력 필요
영어캠프신청서,일정,6월 20일까지 영어 캠프 신청서를 내 주세요,N,신청서,preferred_vi 입력 필요
캠프 신청서,일정,6월 20일까지 영어 캠프 신청서를 내 주세요,N,신청서,preferred_vi 입력 필요
캠프신청서,일정,6월 20일까지 영어 캠프 신청서를 내 주세요,N,신청서,preferred_vi 입력 필요
신청서 6월,일정,영어 캠프 신청서는 6월 20일까지 제출해 주세요,N,신청서; 제출,preferred_vi 입력 필요
신청서 6월 20일,일정,영어 캠프 신청서는 6월 20일까지 제출해 주세요,N,신청서; 제출,preferred_vi 입력 필요
신청서6월,일정,영어 캠프 신청서는 6월 20일까지 제출해 주세요,N,신청서; 제출,preferred_vi 입력 필요
신청서6월20일,일정,영어 캠프 신청서는 6월 20일까지 제출해 주세요,N,신청서; 제출,preferred_vi 입력 필요
캠프 신청서 6월,일정,영어 캠프 신청서는 6월 20일까지 제출해 주세요,N,신청서; 제출,preferred_vi 입력 필요
캠프신청서6월,일정,영어 캠프 신청서는 6월 20일까지 제출해 주세요,N,신청서; 제출,preferred_vi 입력 필요
동의,일정,금요일까지 사진 사용 동의 여부를 내 주세요,N,,preferred_vi 입력 필요
사진사용,일정,금요일까지 사진 사용 동의 여부를 내 주세요,N,,preferred_vi 입력 필요
11월7일,일정,11월 7일 오전에 인형극을 봅니다,N,,preferred_vi 입력 필요
7일,일정,11월 7일 오전에 인형극을 봅니다,N,,preferred_vi 입력 필요
학부모연수,일정,6월 18일에 온라인 학부모 연수가 있습니다,N,,preferred_vi 입력 필요
교육급여,제출,교육급여는 주민센터나 복지로에서 신청합니다,N,,preferred_vi 입력 필요
교육급여 주민센터나,제출,교육급여는 주민센터나 복지로에서 신청합니다,N,,preferred_vi 입력 필요
교육급여 주민센터나 복지,제출,교육급여는 주민센터나 복지로에서 신청합니다,N,,preferred_vi 입력 필요
교육급여주민센터나,제출,교육급여는 주민센터나 복지로에서 신청합니다,N,,preferred_vi 입력 필요
교육급여주민센터나복지,제출,교육급여는 주민센터나 복지로에서 신청합니다,N,,preferred_vi 입력 필요
복지,제출,교육급여는 주민센터나 복지로에서 신청합니다,N,,preferred_vi 입력 필요
신청합니다,제출,교육급여는 주민센터나 복지로에서 신청합니다,N,,preferred_vi 입력 필요
교육급여 신청,제출,교육급여 신청은 주민센터 또는 온라인 복지로에서 가능합니다,N,,preferred_vi 입력 필요
교육급여 신청 주민센터,제출,교육급여 신청은 주민센터 또는 온라인 복지로에서 가능합니다,N,,preferred_vi 입력 필요
교육급여신청,제출,교육급여 신청은 주민센터 또는 온라인 복지로에서 가능합니다,N,,preferred_vi 입력 필요
교육급여신청주민센터,제출,교육급여 신청은 주민센터 또는 온라인 복지로에서 가능합니다,N,,preferred_vi 입력 필요
구입신청,일정,다음 주 화요일까지 졸업앨범 신청서를 내 주세요,N,신청서,preferred_vi 입력 필요
졸업앨범,일정,다음 주 화요일까지 졸업앨범 신청서를 내 주세요,N,신청서,preferred_vi 입력 필요
졸업앨범 신청서,일정,다음 주 화요일까지 졸업앨범 신청서를 내 주세요,N,신청서,preferred_vi 입력 필요
졸업앨범신청서,일정,다음 주 화요일까지 졸업앨범 신청서를 내 주세요,N,신청서,preferred_vi 입력 필요
화요일 졸업앨범 신청서,일정,다음 주 화요일까지 졸업앨범 신청서를 내 주세요,N,신청서,preferred_vi 입력 필요
화요일졸업앨범신청서,일정,다음 주 화요일까지 졸업앨범 신청서를 내 주세요,N,신청서,preferred_vi 입력 필요
구입 신청서,일정,졸업앨범 구입 신청서를 다음 주 화요일까지 제출해 주세요,N,신청서; 제출,preferred_vi 입력 필요
구입 신청서 화요일,일정,졸업앨범 구입 신청서를 다음 주 화요일까지 제출해 주세요,N,신청서; 제출,preferred_vi 입력 필요
구입신청서,일정,졸업앨범 구입 신청서를 다음 주 화요일까지 제출해 주세요,N,신청서; 제출,preferred_vi 입력 필요
구입신청서화요일,일정,졸업앨범 구입 신청서를 다음 주 화요일까지 제출해 주세요,N,신청서; 제출,preferred_vi 입력 필요
신청서 화요일,일정,졸업앨범 구입 신청서를 다음 주 화요일까지 제출해 주세요,N,신청서; 제출,preferred_vi 입력 필요
신청서 화요일 제출해,일정,졸업앨범 구입 신청서를 다음 주 화요일까지 제출해 주세요,N,신청서; 제출,preferred_vi 입력 필요
신청서화요일,일정,졸업앨범 구입 신청서를 다음 주 화요일까지 제출해 주세요,N,신청서; 제출,preferred_vi 입력 필요
신청서화요일제출해,일정,졸업앨범 구입 신청서를 다음 주 화요일까지 제출해 주세요,N,신청서; 제출,preferred_vi 입력 필요
졸업앨범 구입 신청서,일정,졸업앨범 구입 신청서를 다음 주 화요일까지 제출해 주세요,N,신청서; 제출,preferred_vi 입력 필요
졸업앨범구입신청서,일정,졸업앨범 구입 신청서를 다음 주 화요일까지 제출해 주세요,N,신청서; 제출,preferred_vi 입력 필요
연락,건강·안전,감염병에 걸리면 학교에 오지 말고 연락해 주세요,N,감염병,preferred_vi 입력 필요
확진,건강·안전,감염병에 걸리면 학교에 오지 말고 연락해 주세요,N,감염병,preferred_vi 입력 필요
공개수업 참관,일정,공개수업 참관은 학교 앱에서 신청합니다,N,공개수업,preferred_vi 입력 필요
공개수업 참관 앱,일정,공개수업 참관은 학교 앱에서 신청합니다,N,공개수업,preferred_vi 입력 필요
공개수업참관,일정,공개수업 참관은 학교 앱에서 신청합니다,N,공개수업,preferred_vi 입력 필요
공개수업참관앱,일정,공개수업 참관은 학교 앱에서 신청합니다,N,공개수업,preferred_vi 입력 필요
참관신청,일정,공개수업 참관은 학교 앱에서 신청합니다,N,공개수업,preferred_vi 입력 필요
공개수업 참관 신청,일정,학부모 공개수업 참관 신청은 학교 앱에서 가능합니다,N,공개수업,preferred_vi 입력 필요
공개수업참관신청,일정,학부모 공개수업 참관 신청은 학교 앱에서 가능합니다,N,공개수업,preferred_vi 입력 필요
목요일 상담,일정,이번 주 목요일까지 학부모 상담을 신청할 수 있습니다,N,학부모 상담; 상담,preferred_vi 입력 필요
목요일 상담 신청할,일정,이번 주 목요일까지 학부모 상담을 신청할 수 있습니다,N,학부모 상담; 상담,preferred_vi 입력 필요
목요일상담,일정,이번 주 목요일까지 학부모 상담을 신청할 수 있습니다,N,학부모 상담; 상담,preferred_vi 입력 필요
목요일상담신청할,일정,이번 주 목요일까지 학부모 상담을 신청할 수 있습니다,N,학부모 상담; 상담,preferred_vi 입력 필요
상담 신청할,일정,이번 주 목요일까지 학부모 상담을 신청할 수 있습니다,N,학부모 상담; 상담,preferred_vi 입력 필요
상담신청할,일정,이번 주 목요일까지 학부모 상담을 신청할 수 있습니다,N,학부모 상담; 상담,preferred_vi 입력 필요
신청할,일정,이번 주 목요일까지 학부모 상담을 신청할 수 있습니다,N,학부모 상담; 상담,preferred_vi 입력 필요
이번 목요일 상담,일정,이번 주 목요일까지 학부모 상담을 신청할 수 있습니다,N,학부모 상담; 상담,preferred_vi 입력 필요
이번목요일상담,일정,이번 주 목요일까지 학부모 상담을 신청할 수 있습니다,N,학부모 상담; 상담,preferred_vi 입력 필요
상담 주간,일정,학부모 상담 주간 신청은 이번 주 목요일까지 가능합니다,N,학부모 상담; 상담,preferred_vi 입력 필요
상담 주간 신청,일정,학부모 상담 주간 신청은 이번 주 목요일까지 가능합니다,N,학부모 상담; 상담,preferred_vi 입력 필요
상담주간,일정,학부모 상담 주간 신청은 이번 주 목요일까지 가능합니다,N,학부모 상담; 상담,preferred_vi 입력 필요
상담주간신청,일정,학부모 상담 주간 신청은 이번 주 목요일까지 가능합니다,N,학부모 상담; 상담,preferred_vi 입력 필요
긴급연락처,기타,긴급 연락처가 바뀌면 바로 알려 주세요,N,,preferred_vi 입력 필요
변경,기타,긴급 연락처가 바뀌면 바로 알려 주세요,N,,preferred_vi 입력 필요
등원할,비용,등원할 때 아이 손을 잡고 현관까지 와 주세요,N,등원,preferred_vi 입력 필요
현관,비용,등원할 때 아이 손을 잡고 현관까지 와 주세요,N,등원,preferred_vi 입력 필요
안전하게,비용,등원 시 아이 손을 잡고 현관까지 안전하게 동행해 주세요,N,등원,preferred_vi 입력 필요
3일,일정,5월 3일 오후 5시까지 방과후학교를 신청해 주세요,N,방과후학교,preferred_vi 입력 필요
수강신청,일정,5월 3일 오후 5시까지 방과후학교를 신청해 주세요,N,방과후학교,preferred_vi 입력 필요
마감됩니다,일정,방과후학교 1기 수강 신청은 5월 3일 오후 5시에 마감됩니다,N,방과후학교,preferred_vi 입력 필요
30일,일정,5월 30일 도서관에서 독서 골든벨이 있습니다,N,,preferred_vi 입력 필요
도서관,일정,5월 30일 도서관에서 독서 골든벨이 있습니다,N,,preferred_vi 입력 필요
독서골든벨,일정,5월 30일 도서관에서 독서 골든벨이 있습니다,N,,preferred_vi 입력 필요
방학돌봄,기타,방학 돌봄교실은 오전 9시부터 오후 5시까지 합니다,N,돌봄교실; 방학,preferred_vi 입력 필요
운영시간,기타,방학 돌봄교실은 오전 9시부터 오후 5시까지 합니다,N,돌봄교실; 방학,preferred_vi 입력 필요
긴팔,준비물,숲놀이 날 긴팔 옷과 모자를 준비해 주세요,N,,preferred_vi 입력 필요
모자,준비물,숲놀이 날 긴팔 옷과 모자를 준비해 주세요,N,,preferred_vi 입력 필요
모자 준비해,준비물,숲놀이 날 긴팔 옷과 모자를 준비해 주세요,N,,preferred_vi 입력 필요
모자준비해,준비물,숲놀이 날 긴팔 옷과 모자를 준비해 주세요,N,,preferred_vi 입력 필요
옷과 모자 준비해,준비물,숲놀이 날 긴팔 옷과 모자를 준비해 주세요,N,,preferred_vi 입력 필요
옷과모자준비해,준비물,숲놀이 날 긴팔 옷과 모자를 준비해 주세요,N,,preferred_vi 입력 필요
속옷,준비물,계절에 맞는 여벌옷과 속옷을 준비해 주세요,N,여벌옷,preferred_vi 입력 필요
속옷 준비해,준비물,계절에 맞는 여벌옷과 속옷을 준비해 주세요,N,여벌옷,preferred_vi 입력 필요
속옷준비해,준비물,계절에 맞는 여벌옷과 속옷을 준비해 주세요,N,여벌옷,preferred_vi 입력 필요
여벌옷,준비물,계절에 맞는 여벌옷과 속옷을 준비해 주세요,Y,여벌옷,기존 사전 용어
여벌옷 속옷 준비해,준비물,계절에 맞는 여벌옷과 속옷을 준비해 주세요,N,여벌옷,preferred_vi 입력 필요
여벌옷속옷준비해,준비물,계절에 맞는 여벌옷과 속옷을 준비해 주세요,N,여벌옷,preferred_vi 입력 필요
속옷 포함해 준비해,준비물,여벌옷은 계절에 맞게 속옷까지 포함해 준비해 주세요,N,여벌옷,preferred_vi 입력 필요
속옷포함해준비해,준비물,여벌옷은 계절에 맞게 속옷까지 포함해 준비해 주세요,N,여벌옷,preferred_vi 입력 필요
포함해 준비해,준비물,여벌옷은 계절에 맞게 속옷까지 포함해 준비해 주세요,N,여벌옷,preferred_vi 입력 필요
포함해준비해,준비물,여벌옷은 계절에 맞게 속옷까지 포함해 준비해 주세요,N,여벌옷,preferred_vi 입력 필요
실내활동,기타,매우 더운 날에는 체육을 실내에서 합니다,N,,preferred_vi 입력 필요
폭염,기타,매우 더운 날에는 체육을 실내에서 합니다,N,,preferred_vi 입력 필요
신청서 내야,제출,전교임원 후보는 신청서를 내야 합니다,N,신청서,preferred_vi 입력 필요
신청서내야,제출,전교임원 후보는 신청서를 내야 합니다,N,신청서,preferred_vi 입력 필요
전교임원,제출,전교임원 후보는 신청서를 내야 합니다,N,신청서,preferred_vi 입력 필요
전교임원 후보 신청서,제출,전교임원 후보는 신청서를 내야 합니다,N,신청서,preferred_vi 입력 필요
전교임원후보신청서,제출,전교임원 후보는 신청서를 내야 합니다,N,신청서,preferred_vi 입력 필요
후보 신청서,제출,전교임원 후보는 신청서를 내야 합니다,N,신청서,preferred_vi 입력 필요
후보 신청서 내야,제출,전교임원 후보는 신청서를 내야 합니다,N,신청서,preferred_vi 입력 필요
후보등록,제출,전교임원 후보는 신청서를 내야 합니다,N,신청서,preferred_vi 입력 필요
후보신청서,제출,전교임원 후보는 신청서를 내야 합니다,N,신청서,preferred_vi 입력 필요
후보신청서내야,제출,전교임원 후보는 신청서를 내야 합니다,N,신청서,preferred_vi 입력 필요
등록 신청서,제출,전교임원 후보자는 후보 등록 신청서를 제출해야 합니다,N,신청서; 제출,preferred_vi 입력 필요
등록 신청서 제출해야,제출,전교임원 후보자는 후보 등록 신청서를 제출해야 합니다,N,신청서; 제출,preferred_vi 입력 필요
등록신청서,제출,전교임원 후보자는 후보 등록 신청서를 제출해야 합니다,N,신청서; 제출,preferred_vi 입력 필요
등록신청서제출해야,제출,전교임원 후보자는 후보 등록 신청서를 제출해야 합니다,N,신청서; 제출,preferred_vi 입력 필요
신청서 제출해야,제출,전교임원 후보자는 후보 등록 신청서를 제출해야 합니다,N,신청서; 제출,preferred_vi 입력 필요
신청서제출해야,제출,전교임원 후보자는 후보 등록 신청서를 제출해야 합니다,N,신청서; 제출,preferred_vi 입력 필요
제출해야,제출,전교임원 후보자는 후보 등록 신청서를 제출해야 합니다,N,신청서; 제출,preferred_vi 입력 필요
후보 등록 신청서,제출,전교임원 후보자는 후보 등록 신청서를 제출해야 합니다,N,신청서; 제출,preferred_vi 입력 필요
후보등록신청서,제출,전교임원 후보자는 후보 등록 신청서를 제출해야 합니다,N,신청서; 제출,preferred_vi 입력 필요
자전거,기타,자전거로 학교에 오면 헬멧을 써야 합니다,N,,preferred_vi 입력 필요
헬멧,기타,자전거로 학교에 오면 헬멧을 써야 합니다,N,,preferred_vi 입력 필요
수업 전,일정,온라인 수업 전에 태블릿을 충전해 주세요,N,,preferred_vi 입력 필요
수업 전에 태블릿,일정,온라인 수업 전에 태블릿을 충전해 주세요,N,,preferred_vi 입력 필요
수업전,일정,온라인 수업 전에 태블릿을 충전해 주세요,N,,preferred_vi 입력 필요
수업전에태블릿,일정,온라인 수업 전에 태블릿을 충전해 주세요,N,,preferred_vi 입력 필요
온라인 수업,일정,온라인 수업 전에 태블릿을 충전해 주세요,N,,preferred_vi 입력 필요
온라인 수업 전,일정,온라인 수업 전에 태블릿을 충전해 주세요,N,,preferred_vi 입력 필요
온라인수업,일정,온라인 수업 전에 태블릿을 충전해 주세요,N,,preferred_vi 입력 필요
온라인수업전,일정,온라인 수업 전에 태블릿을 충전해 주세요,N,,preferred_vi 입력 필요
실종 유괴 예방교육,건강·안전,6월 첫째 주에 실종 유괴 예방교육을 합니다,N,,preferred_vi 입력 필요
실종유괴,건강·안전,6월 첫째 주에 실종 유괴 예방교육을 합니다,N,,preferred_vi 입력 필요
실종유괴예방교육,건강·안전,6월 첫째 주에 실종 유괴 예방교육을 합니다,N,,preferred_vi 입력 필요
예방교육,건강·안전,6월 첫째 주에 실종 유괴 예방교육을 합니다,N,,preferred_vi 입력 필요
유괴 예방교육,건강·안전,6월 첫째 주에 실종 유괴 예방교육을 합니다,N,,preferred_vi 입력 필요
유괴예방교육,건강·안전,6월 첫째 주에 실종 유괴 예방교육을 합니다,N,,preferred_vi 입력 필요
예방교육 6월,건강·안전,실종 유괴 예방교육이 6월 첫째 주에 실시됩니다,N,,preferred_vi 입력 필요
예방교육 6월 첫째,건강·안전,실종 유괴 예방교육이 6월 첫째 주에 실시됩니다,N,,preferred_vi 입력 필요
예방교육6월,건강·안전,실종 유괴 예방교육이 6월 첫째 주에 실시됩니다,N,,preferred_vi 입력 필요
예방교육6월첫째,건강·안전,실종 유괴 예방교육이 6월 첫째 주에 실시됩니다,N,,preferred_vi 입력 필요
유괴 예방교육 6월,건강·안전,실종 유괴 예방교육이 6월 첫째 주에 실시됩니다,N,,preferred_vi 입력 필요
유괴예방교육6월,건강·안전,실종 유괴 예방교육이 6월 첫째 주에 실시됩니다,N,,preferred_vi 입력 필요
스마트폰,건강·안전,스마트폰 예방교육 자료를 함께 읽어 주세요,N,,preferred_vi 입력 필요
스마트폰 예방교육,건강·안전,스마트폰 예방교육 자료를 함께 읽어 주세요,N,,preferred_vi 입력 필요
스마트폰 예방교육 자료,건강·안전,스마트폰 예방교육 자료를 함께 읽어 주세요,N,,preferred_vi 입력 필요
스마트폰예방교육,건강·안전,스마트폰 예방교육 자료를 함께 읽어 주세요,N,,preferred_vi 입력 필요
스마트폰예방교육자료,건강·안전,스마트폰 예방교육 자료를 함께 읽어 주세요,N,,preferred_vi 입력 필요
예방교육 자료,건강·안전,스마트폰 예방교육 자료를 함께 읽어 주세요,N,,preferred_vi 입력 필요
예방교육 자료 함께,건강·안전,스마트폰 예방교육 자료를 함께 읽어 주세요,N,,preferred_vi 입력 필요
예방교육자료,건강·안전,스마트폰 예방교육 자료를 함께 읽어 주세요,N,,preferred_vi 입력 필요
예방교육자료함께,건강·안전,스마트폰 예방교육 자료를 함께 읽어 주세요,N,,preferred_vi 입력 필요
자료 함께 읽어,건강·안전,스마트폰 예방교육 자료를 함께 읽어 주세요,N,,preferred_vi 입력 필요
자료함께읽어,건강·안전,스마트폰 예방교육 자료를 함께 읽어 주세요,N,,preferred_vi 입력 필요
과의존 예방교육,건강·안전,스마트폰 과의존 예방교육 자료를 가정에서 함께 읽어 주세요,N,,preferred_vi 입력 필요
과의존 예방교육 자료,건강·안전,스마트폰 과의존 예방교육 자료를 가정에서 함께 읽어 주세요,N,,preferred_vi 입력 필요
과의존예방교육,건강·안전,스마트폰 과의존 예방교육 자료를 가정에서 함께 읽어 주세요,N,,preferred_vi 입력 필요
과의존예방교육자료,건강·안전,스마트폰 과의존 예방교육 자료를 가정에서 함께 읽어 주세요,N,,preferred_vi 입력 필요
스마트폰 과의존 예방교육,건강·안전,스마트폰 과의존 예방교육 자료를 가정에서 함께 읽어 주세요,N,,preferred_vi 입력 필요
스마트폰과의존예방교육,건강·안전,스마트폰 과의존 예방교육 자료를 가정에서 함께 읽어 주세요,N,,preferred_vi 입력 필요
예방교육 자료 가정,건강·안전,스마트폰 과의존 예방교육 자료를 가정에서 함께 읽어 주세요,N,,preferred_vi 입력 필요
예방교육자료가정,건강·안전,스마트폰 과의존 예방교육 자료를 가정에서 함께 읽어 주세요,N,,preferred_vi 입력 필요
감기,비용,감기 증상이 있으면 등원 전에 선생님께 연락해 주세요,N,등원,preferred_vi 입력 필요
손씻기,기타,집에서도 손 씻기를 알려 주세요,N,,preferred_vi 입력 필요
계정,기타,디지털 교과서 계정 안내장을 나눠 줍니다,N,,preferred_vi 입력 필요
디지털교과서,기타,디지털 교과서 계정 안내장을 나눠 줍니다,N,,preferred_vi 입력 필요
미끄럼방지양말,기타,미끄럼방지 양말을 보내 주세요,N,,preferred_vi 입력 필요
실내놀,기타,미끄럼방지 양말을 보내 주세요,N,,preferred_vi 입력 필요
세면도구,준비물,세면도구 여벌옷 필기도구를 준비해 주세요,N,여벌옷,preferred_vi 입력 필요
수학여행,준비물,세면도구 여벌옷 필기도구를 준비해 주세요,N,여벌옷,preferred_vi 입력 필요
여벌옷 필기도구 준비해,준비물,세면도구 여벌옷 필기도구를 준비해 주세요,N,여벌옷,preferred_vi 입력 필요
여벌옷필기도구준비해,준비물,세면도구 여벌옷 필기도구를 준비해 주세요,N,여벌옷,preferred_vi 입력 필요
필기도구 준비해,준비물,세면도구 여벌옷 필기도구를 준비해 주세요,N,여벌옷,preferred_vi 입력 필요
필기도구준비해,준비물,세면도구 여벌옷 필기도구를 준비해 주세요,N,여벌옷,preferred_vi 입력 필요
수학여행 준비물,준비물,수학여행 준비물은 세면도구 여벌옷 필기도구입니다,N,여벌옷; 준비물,preferred_vi 입력 필요
수학여행 준비물 세면도구,준비물,수학여행 준비물은 세면도구 여벌옷 필기도구입니다,N,여벌옷; 준비물,preferred_vi 입력 필요
수학여행준비물,준비물,수학여행 준비물은 세면도구 여벌옷 필기도구입니다,N,여벌옷; 준비물,preferred_vi 입력 필요
수학여행준비물세면도구,준비물,수학여행 준비물은 세면도구 여벌옷 필기도구입니다,N,여벌옷; 준비물,preferred_vi 입력 필요
준비물,준비물,수학여행 준비물은 세면도구 여벌옷 필기도구입니다,Y,여벌옷; 준비물,기존 사전 용어
준비물 세면도구,준비물,수학여행 준비물은 세면도구 여벌옷 필기도구입니다,N,여벌옷; 준비물,preferred_vi 입력 필요
준비물 세면도구 여벌옷,준비물,수학여행 준비물은 세면도구 여벌옷 필기도구입니다,N,여벌옷; 준비물,preferred_vi 입력 필요
준비물세면도구,준비물,수학여행 준비물은 세면도구 여벌옷 필기도구입니다,N,여벌옷; 준비물,preferred_vi 입력 필요
준비물세면도구여벌옷,준비물,수학여행 준비물은 세면도구 여벌옷 필기도구입니다,N,여벌옷; 준비물,preferred_vi 입력 필요
금식,건강·안전,건강검진 전날 밤 9시 뒤에는 간식을 먹지 않게 해 주세요,N,건강검진; 간식,preferred_vi 입력 필요
26일,일정,4월 26일까지 알레르기 조사서를 앱으로 내 주세요,N,알레르기; 조사서,preferred_vi 입력 필요
26일 알레르기 조사서,일정,4월 26일까지 알레르기 조사서를 앱으로 내 주세요,N,알레르기; 조사서,preferred_vi 입력 필요
26일알레르기조사서,일정,4월 26일까지 알레르기 조사서를 앱으로 내 주세요,N,알레르기; 조사서,preferred_vi 입력 필요
알레르기 조사서,일정,4월 26일까지 알레르기 조사서를 앱으로 내 주세요,N,알레르기; 조사서,preferred_vi 입력 필요
알레르기 조사서 앱으,일정,4월 26일까지 알레르기 조사서를 앱으로 내 주세요,N,알레르기; 조사서,preferred_vi 입력 필요
알레르기조사서,일정,4월 26일까지 알레르기 조사서를 앱으로 내 주세요,N,알레르기; 조사서,preferred_vi 입력 필요
알레르기조사서앱으,일정,4월 26일까지 알레르기 조사서를 앱으로 내 주세요,N,알레르기; 조사서,preferred_vi 입력 필요
조사서 앱으,일정,4월 26일까지 알레르기 조사서를 앱으로 내 주세요,N,알레르기; 조사서,preferred_vi 입력 필요
조사서앱으,일정,4월 26일까지 알레르기 조사서를 앱으로 내 주세요,N,알레르기; 조사서,preferred_vi 입력 필요
학교종,일정,4월 26일까지 알레르기 조사서를 앱으로 내 주세요,N,알레르기; 조사서,preferred_vi 입력 필요
알레르기 조사서 4월,일정,알레르기 조사서를 4월 26일까지 학교종이 앱으로 제출해 주세요,N,알레르기; 학교종이; 조사서; 제출,preferred_vi 입력 필요
알레르기조사서4월,일정,알레르기 조사서를 4월 26일까지 학교종이 앱으로 제출해 주세요,N,알레르기; 학교종이; 조사서; 제출,preferred_vi 입력 필요
조사서 4월,일정,알레르기 조사서를 4월 26일까지 학교종이 앱으로 제출해 주세요,N,알레르기; 학교종이; 조사서; 제출,preferred_vi 입력 필요
조사서 4월 26일,일정,알레르기 조사서를 4월 26일까지 학교종이 앱으로 제출해 주세요,N,알레르기; 학교종이; 조사서; 제출,preferred_vi 입력 필요
조사서4월,일정,알레르기 조사서를 4월 26일까지 학교종이 앱으로 제출해 주세요,N,알레르기; 학교종이; 조사서; 제출,preferred_vi 입력 필요
조사서4월26일,일정,알레르기 조사서를 4월 26일까지 학교종이 앱으로 제출해 주세요,N,알레르기; 학교종이; 조사서; 제출,preferred_vi 입력 필요
학교종이,일정,알레르기 조사서를 4월 26일까지 학교종이 앱으로 제출해 주세요,Y,알레르기; 학교종이; 조사서; 제출,기존 사전 용어
5월10일,일정,5월 10일 금요일에 봄 소풍을 갑니다,N,소풍,preferred_vi 입력 필요
봄소풍,일정,5월 10일 금요일에 봄 소풍을 갑니다,N,소풍,preferred_vi 입력 필요
소풍,일정,5월 10일 금요일에 봄 소풍을 갑니다,Y,소풍,기존 사전 용어
62000원,제출,졸업앨범을 신청한 사람만 62000원을 냅니다,N,,preferred_vi 입력 필요
졸업앨범비,제출,졸업앨범을 신청한 사람만 62000원을 냅니다,N,,preferred_vi 입력 필요
신청자,제출,졸업앨범비 62000원은 신청자에 한해 납부합니다,N,납부,preferred_vi 입력 필요
졸업앨범비 62000원,제출,졸업앨범비 62000원은 신청자에 한해 납부합니다,N,납부,preferred_vi 입력 필요
졸업앨범비 62000원 신청자,제출,졸업앨범비 62000원은 신청자에 한해 납부합니다,N,납부,preferred_vi 입력 필요
졸업앨범비62000원,제출,졸업앨범비 62000원은 신청자에 한해 납부합니다,N,납부,preferred_vi 입력 필요
졸업앨범비62000원신청자,제출,졸업앨범비 62000원은 신청자에 한해 납부합니다,N,납부,preferred_vi 입력 필요
사이버폭력,일정,금요일까지 사이버폭력 예방 서약서를 내 주세요,N,,preferred_vi 입력 필요
서약서,일정,금요일까지 사이버폭력 예방 서약서를 내 주세요,N,,preferred_vi 입력 필요
21일,일정,4월 21일에 과학의 날 행사를 합니다,N,,preferred_vi 입력 필요
21일 과학 행사,일정,4월 21일에 과학의 날 행사를 합니다,N,,preferred_vi 입력 필요
21일과학행사,일정,4월 21일에 과학의 날 행사를 합니다,N,,preferred_vi 입력 필요
과학 행사,일정,4월 21일에 과학의 날 행사를 합니다,N,,preferred_vi 입력 필요
과학의날,일정,4월 21일에 과학의 날 행사를 합니다,N,,preferred_vi 입력 필요
과학행사,일정,4월 21일에 과학의 날 행사를 합니다,N,,preferred_vi 입력 필요
행사,일정,4월 21일에 과학의 날 행사를 합니다,N,,preferred_vi 입력 필요
과학 행사 4월,일정,과학의 날 행사는 4월 21일 각 교실에서 진행됩니다,N,,preferred_vi 입력 필요
과학행사4월,일정,과학의 날 행사는 4월 21일 각 교실에서 진행됩니다,N,,preferred_vi 입력 필요
행사 4월,일정,과학의 날 행사는 4월 21일 각 교실에서 진행됩니다,N,,preferred_vi 입력 필요
행사 4월 21일,일정,과학의 날 행사는 4월 21일 각 교실에서 진행됩니다,N,,preferred_vi 입력 필요
행사4월,일정,과학의 날 행사는 4월 21일 각 교실에서 진행됩니다,N,,preferred_vi 입력 필요
행사4월21일,일정,과학의 날 행사는 4월 21일 각 교실에서 진행됩니다,N,,preferred_vi 입력 필요
5000원입니다,비용,단체 사진 구입비는 5000원입니다,N,,preferred_vi 입력 필요
구입비,비용,단체 사진 구입비는 5000원입니다,N,,preferred_vi 입력 필요
구입비 5000원입니다,비용,단체 사진 구입비는 5000원입니다,N,,preferred_vi 입력 필요
구입비5000원입니다,비용,단체 사진 구입비는 5000원입니다,N,,preferred_vi 입력 필요
단체 사진 구입비,비용,단체 사진 구입비는 5000원입니다,N,,preferred_vi 입력 필요
단체사진,비용,단체 사진 구입비는 5000원입니다,N,,preferred_vi 입력 필요
단체사진구입비,비용,단체 사진 구입비는 5000원입니다,N,,preferred_vi 입력 필요
사진 구입비,비용,단체 사진 구입비는 5000원입니다,N,,preferred_vi 입력 필요
사진 구입비 5000원입니다,비용,단체 사진 구입비는 5000원입니다,N,,preferred_vi 입력 필요
사진구입비,비용,단체 사진 구입비는 5000원입니다,N,,preferred_vi 입력 필요
사진구입비5000원입니다,비용,단체 사진 구입비는 5000원입니다,N,,preferred_vi 입력 필요
18000원,비용,생존수영 교육비 18000원이 스쿨뱅킹으로 빠져나갑니다,N,스쿨뱅킹; 교육비,preferred_vi 입력 필요
교육비,비용,생존수영 교육비 18000원이 스쿨뱅킹으로 빠져나갑니다,Y,스쿨뱅킹; 교육비,기존 사전 용어
교육비 18000원,비용,생존수영 교육비 18000원이 스쿨뱅킹으로 빠져나갑니다,N,스쿨뱅킹; 교육비,preferred_vi 입력 필요
교육비 18000원 스쿨뱅킹,비용,생존수영 교육비 18000원이 스쿨뱅킹으로 빠져나갑니다,N,스쿨뱅킹; 교육비,preferred_vi 입력 필요
교육비18000원,비용,생존수영 교육비 18000원이 스쿨뱅킹으로 빠져나갑니다,N,스쿨뱅킹; 교육비,preferred_vi 입력 필요
교육비18000원스쿨뱅킹,비용,생존수영 교육비 18000원이 스쿨뱅킹으로 빠져나갑니다,N,스쿨뱅킹; 교육비,preferred_vi 입력 필요
생존수영,비용,생존수영 교육비 18000원이 스쿨뱅킹으로 빠져나갑니다,N,스쿨뱅킹; 교육비,preferred_vi 입력 필요
생존수영 교육비,비용,생존수영 교육비 18000원이 스쿨뱅킹으로 빠져나갑니다,N,스쿨뱅킹; 교육비,preferred_vi 입력 필요
생존수영 교육비 18000원,비용,생존수영 교육비 18000원이 스쿨뱅킹으로 빠져나갑니다,N,스쿨뱅킹; 교육비,preferred_vi 입력 필요
생존수영교육비,비용,생존수영 교육비 18000원이 스쿨뱅킹으로 빠져나갑니다,N,스쿨뱅킹; 교육비,preferred_vi 입력 필요
생존수영교육비18000원,비용,생존수영 교육비 18000원이 스쿨뱅킹으로 빠져나갑니다,N,스쿨뱅킹; 교육비,preferred_vi 입력 필요
10시 수료식,일정,2월 14일 오전 10시에 수료식이 있습니다,N,,preferred_vi 입력 필요
10시수료식,일정,2월 14일 오전 10시에 수료식이 있습니다,N,,preferred_vi 입력 필요
14일,일정,2월 14일 오전 10시에 수료식이 있습니다,N,,preferred_vi 입력 필요
14일 10시 수료식,일정,2월 14일 오전 10시에 수료식이 있습니다,N,,preferred_vi 입력 필요
14일10시수료식,일정,2월 14일 오전 10시에 수료식이 있습니다,N,,preferred_vi 입력 필요
교실,일정,2월 14일 오전 10시에 수료식이 있습니다,N,,preferred_vi 입력 필요
수료식,일정,2월 14일 오전 10시에 수료식이 있습니다,N,,preferred_vi 입력 필요
수료식 2월,일정,수료식은 2월 14일 금요일 오전 10시에 각 교실에서 진행됩니다,N,,preferred_vi 입력 필요
수료식 2월 14일,일정,수료식은 2월 14일 금요일 오전 10시에 각 교실에서 진행됩니다,N,,preferred_vi 입력 필요
수료식2월,일정,수료식은 2월 14일 금요일 오전 10시에 각 교실에서 진행됩니다,N,,preferred_vi 입력 필요
수료식2월14일,일정,수료식은 2월 14일 금요일 오전 10시에 각 교실에서 진행됩니다,N,,preferred_vi 입력 필요
18000원입니다,비용,우유 급식비는 한 달 18000원입니다,N,급식비; 급식,preferred_vi 입력 필요
급식비,비용,우유 급식비는 한 달 18000원입니다,Y,급식비; 급식,기존 사전 용어
급식비 18000원입니다,비용,우유 급식비는 한 달 18000원입니다,N,급식비; 급식,preferred_vi 입력 필요
급식비18000원입니다,비용,우유 급식비는 한 달 18000원입니다,N,급식비; 급식,preferred_vi 입력 필요
우유 급식비,비용,우유 급식비는 한 달 18000원입니다,N,급식비; 급식,preferred_vi 입력 필요
우유 급식비 18000원입니다,비용,우유 급식비는 한 달 18000원입니다,N,급식비; 급식,preferred_vi 입력 필요
우유급식비,비용,우유 급식비는 한 달 18000원입니다,N,급식비; 급식,preferred_vi 입력 필요
우유급식비18000원입니다,비용,우유 급식비는 한 달 18000원입니다,N,급식비; 급식,preferred_vi 입력 필요
급식비 18000원,비용,우유 급식비는 한 달 18000원이며 스쿨뱅킹으로 납부됩니다,N,스쿨뱅킹; 급식비; 급식; 납부,preferred_vi 입력 필요
급식비 18000원 스쿨뱅킹,비용,우유 급식비는 한 달 18000원이며 스쿨뱅킹으로 납부됩니다,N,스쿨뱅킹; 급식비; 급식; 납부,preferred_vi 입력 필요
급식비18000원,비용,우유 급식비는 한 달 18000원이며 스쿨뱅킹으로 납부됩니다,N,스쿨뱅킹; 급식비; 급식; 납부,preferred_vi 입력 필요
급식비18000원스쿨뱅킹,비용,우유 급식비는 한 달 18000원이며 스쿨뱅킹으로 납부됩니다,N,스쿨뱅킹; 급식비; 급식; 납부,preferred_vi 입력 필요
납부됩니다,비용,우유 급식비는 한 달 18000원이며 스쿨뱅킹으로 납부됩니다,N,스쿨뱅킹; 급식비; 급식; 납부,preferred_vi 입력 필요
우유 급식비 18000원,비용,우유 급식비는 한 달 18000원이며 스쿨뱅킹으로 납부됩니다,N,스쿨뱅킹; 급식비; 급식; 납부,preferred_vi 입력 필요
우유급식비18000원,비용,우유 급식비는 한 달 18000원이며 스쿨뱅킹으로 납부됩니다,N,스쿨뱅킹; 급식비; 급식; 납부,preferred_vi 입력 필요
지정도서,기타,지정 도서는 학교 홈페이지에서 볼 수 있습니다,N,,preferred_vi 입력 필요
흡연예방,건강·안전,흡연 예방 활동지를 써서 내 주세요,N,,preferred_vi 입력 필요
예방교육 가정,제출,흡연 예방교육 가정 연계 활동지를 작성해 제출해 주세요,N,제출,preferred_vi 입력 필요
예방교육 가정 연계,제출,흡연 예방교육 가정 연계 활동지를 작성해 제출해 주세요,N,제출,preferred_vi 입력 필요
예방교육가정,제출,흡연 예방교육 가정 연계 활동지를 작성해 제출해 주세요,N,제출,preferred_vi 입력 필요
예방교육가정연계,제출,흡연 예방교육 가정 연계 활동지를 작성해 제출해 주세요,N,제출,preferred_vi 입력 필요
흡연 예방교육,제출,흡연 예방교육 가정 연계 활동지를 작성해 제출해 주세요,N,제출,preferred_vi 입력 필요
흡연 예방교육 가정,제출,흡연 예방교육 가정 연계 활동지를 작성해 제출해 주세요,N,제출,preferred_vi 입력 필요
흡연예방교육,제출,흡연 예방교육 가정 연계 활동지를 작성해 제출해 주세요,N,제출,preferred_vi 입력 필요
흡연예방교육가정,제출,흡연 예방교육 가정 연계 활동지를 작성해 제출해 주세요,N,제출,preferred_vi 입력 필요
11일,일정,5월 11일 오전에 가족 참여 수업이 있습니다,N,,preferred_vi 입력 필요
11일 가족 수업,일정,5월 11일 오전에 가족 참여 수업이 있습니다,N,,preferred_vi 입력 필요
11일가족수업,일정,5월 11일 오전에 가족 참여 수업이 있습니다,N,,preferred_vi 입력 필요
가족 수업,일정,5월 11일 오전에 가족 참여 수업이 있습니다,N,,preferred_vi 입력 필요
가족수업,일정,5월 11일 오전에 가족 참여 수업이 있습니다,N,,preferred_vi 입력 필요
가족참여수업,일정,5월 11일 오전에 가족 참여 수업이 있습니다,N,,preferred_vi 입력 필요
가족 수업 5월,일정,가족 참여 수업은 5월 11일 토요일 오전에 진행됩니다,N,,preferred_vi 입력 필요
가족수업5월,일정,가족 참여 수업은 5월 11일 토요일 오전에 진행됩니다,N,,preferred_vi 입력 필요
수업 5월,일정,가족 참여 수업은 5월 11일 토요일 오전에 진행됩니다,N,,preferred_vi 입력 필요
수업 5월 11일,일정,가족 참여 수업은 5월 11일 토요일 오전에 진행됩니다,N,,preferred_vi 입력 필요
수업5월,일정,가족 참여 수업은 5월 11일 토요일 오전에 진행됩니다,N,,preferred_vi 입력 필요
수업5월11일,일정,가족 참여 수업은 5월 11일 토요일 오전에 진행됩니다,N,,preferred_vi 입력 필요
토요일,일정,가족 참여 수업은 5월 11일 토요일 오전에 진행됩니다,N,,preferred_vi 입력 필요
8일,일정,5월 8일에 학급 사진을 찍습니다,N,학급,preferred_vi 입력 필요
월요일 현장학습,일정,월요일까지 현장학습 동의서를 내 주세요,N,동의서,preferred_vi 입력 필요
월요일 현장학습 동의서,일정,월요일까지 현장학습 동의서를 내 주세요,N,동의서,preferred_vi 입력 필요
월요일현장학습,일정,월요일까지 현장학습 동의서를 내 주세요,N,동의서,preferred_vi 입력 필요
월요일현장학습동의서,일정,월요일까지 현장학습 동의서를 내 주세요,N,동의서,preferred_vi 입력 필요
현장학습 동의서,일정,월요일까지 현장학습 동의서를 내 주세요,N,동의서,preferred_vi 입력 필요
현장학습동의서,일정,월요일까지 현장학습 동의서를 내 주세요,N,동의서,preferred_vi 입력 필요
동의서 월요일,일정,현장학습 참가 동의서를 월요일까지 제출해 주세요,N,동의서; 제출,preferred_vi 입력 필요
동의서 월요일 제출해,일정,현장학습 참가 동의서를 월요일까지 제출해 주세요,N,동의서; 제출,preferred_vi 입력 필요
동의서월요일,일정,현장학습 참가 동의서를 월요일까지 제출해 주세요,N,동의서; 제출,preferred_vi 입력 필요
동의서월요일제출해,일정,현장학습 참가 동의서를 월요일까지 제출해 주세요,N,동의서; 제출,preferred_vi 입력 필요
참가 동의서,일정,현장학습 참가 동의서를 월요일까지 제출해 주세요,N,동의서; 제출,preferred_vi 입력 필요
참가 동의서 월요일,일정,현장학습 참가 동의서를 월요일까지 제출해 주세요,N,동의서; 제출,preferred_vi 입력 필요
참가동의서,일정,현장학습 참가 동의서를 월요일까지 제출해 주세요,N,동의서; 제출,preferred_vi 입력 필요
참가동의서월요일,일정,현장학습 참가 동의서를 월요일까지 제출해 주세요,N,동의서; 제출,preferred_vi 입력 필요
현장학습 참,일정,현장학습 참가 동의서를 월요일까지 제출해 주세요,N,동의서; 제출,preferred_vi 입력 필요
현장학습 참가 동의서,일정,현장학습 참가 동의서를 월요일까지 제출해 주세요,N,동의서; 제출,preferred_vi 입력 필요
현장학습참,일정,현장학습 참가 동의서를 월요일까지 제출해 주세요,N,동의서; 제출,preferred_vi 입력 필요
현장학습참가동의서,일정,현장학습 참가 동의서를 월요일까지 제출해 주세요,N,동의서; 제출,preferred_vi 입력 필요
민방위,기타,훈련 때는 학교 방송을 따라 움직입니다,N,,preferred_vi 입력 필요
훈련,기타,훈련 때는 학교 방송을 따라 움직입니다,N,,preferred_vi 입력 필요
훈련 때,기타,훈련 때는 학교 방송을 따라 움직입니다,N,,preferred_vi 입력 필요
훈련 때는 방송,기타,훈련 때는 학교 방송을 따라 움직입니다,N,,preferred_vi 입력 필요
훈련때,기타,훈련 때는 학교 방송을 따라 움직입니다,N,,preferred_vi 입력 필요
훈련때는방송,기타,훈련 때는 학교 방송을 따라 움직입니다,N,,preferred_vi 입력 필요
민방위 훈련,기타,민방위 훈련 중에는 학교 안내 방송에 따라 이동합니다,N,,preferred_vi 입력 필요
민방위 훈련 중,기타,민방위 훈련 중에는 학교 안내 방송에 따라 이동합니다,N,,preferred_vi 입력 필요
민방위훈련,기타,민방위 훈련 중에는 학교 안내 방송에 따라 이동합니다,N,,preferred_vi 입력 필요
민방위훈련중,기타,민방위 훈련 중에는 학교 안내 방송에 따라 이동합니다,N,,preferred_vi 입력 필요
훈련 중,기타,민방위 훈련 중에는 학교 안내 방송에 따라 이동합니다,N,,preferred_vi 입력 필요
훈련 중에 안내,기타,민방위 훈련 중에는 학교 안내 방송에 따라 이동합니다,N,,preferred_vi 입력 필요
훈련중,기타,민방위 훈련 중에는 학교 안내 방송에 따라 이동합니다,N,,preferred_vi 입력 필요
훈련중에안내,기타,민방위 훈련 중에는 학교 안내 방송에 따라 이동합니다,N,,preferred_vi 입력 필요
노선변경,제출,차량 노선 변경은 전날 오후 4시까지 신청해 주세요,N,,preferred_vi 입력 필요
하원차량,제출,차량 노선 변경은 전날 오후 4시까지 신청해 주세요,N,,preferred_vi 입력 필요
금요일 유아 기초조사서,일정,금요일까지 유아 기초조사서를 내 주세요,N,조사서,preferred_vi 입력 필요
금요일유아기초조사서,일정,금요일까지 유아 기초조사서를 내 주세요,N,조사서,preferred_vi 입력 필요
유아 기초조사서,일정,금요일까지 유아 기초조사서를 내 주세요,N,조사서,preferred_vi 입력 필요
유아기초조사서,일정,금요일까지 유아 기초조사서를 내 주세요,N,조사서,preferred_vi 입력 필요
기초조사서 이번,일정,유아 기초조사서를 이번 주 금요일까지 제출해 주세요,N,조사서; 제출,preferred_vi 입력 필요
기초조사서 이번 금요일,일정,유아 기초조사서를 이번 주 금요일까지 제출해 주세요,N,조사서; 제출,preferred_vi 입력 필요
기초조사서이번,일정,유아 기초조사서를 이번 주 금요일까지 제출해 주세요,N,조사서; 제출,preferred_vi 입력 필요
기초조사서이번금요일,일정,유아 기초조사서를 이번 주 금요일까지 제출해 주세요,N,조사서; 제출,preferred_vi 입력 필요
유아 기초조사서 이번,일정,유아 기초조사서를 이번 주 금요일까지 제출해 주세요,N,조사서; 제출,preferred_vi 입력 필요
유아기초조사서이번,일정,유아 기초조사서를 이번 주 금요일까지 제출해 주세요,N,조사서; 제출,preferred_vi 입력 필요
도시락 물티슈 준비해,일정,현장체험학습 날 도시락 물 물티슈를 준비해 주세요,N,현장체험학습; 체험학습; 도시락,preferred_vi 입력 필요
도시락물티슈준비해,일정,현장체험학습 날 도시락 물 물티슈를 준비해 주세요,N,현장체험학습; 체험학습; 도시락,preferred_vi 입력 필요
물티슈,일정,현장체험학습 날 도시락 물 물티슈를 준비해 주세요,N,현장체험학습; 체험학습; 도시락,preferred_vi 입력 필요
물티슈 준비해,일정,현장체험학습 날 도시락 물 물티슈를 준비해 주세요,N,현장체험학습; 체험학습; 도시락,preferred_vi 입력 필요
물티슈준비해,일정,현장체험학습 날 도시락 물 물티슈를 준비해 주세요,N,현장체험학습; 체험학습; 도시락,preferred_vi 입력 필요
현장체험학습,일정,현장체험학습 날 도시락 물 물티슈를 준비해 주세요,Y,현장체험학습; 체험학습; 도시락,기존 사전 용어
현장체험학습 도시락,일정,현장체험학습 날 도시락 물 물티슈를 준비해 주세요,N,현장체험학습; 체험학습; 도시락,preferred_vi 입력 필요
현장체험학습 도시락 물티슈,일정,현장체험학습 날 도시락 물 물티슈를 준비해 주세요,N,현장체험학습; 체험학습; 도시락,preferred_vi 입력 필요
현장체험학습도시락,일정,현장체험학습 날 도시락 물 물티슈를 준비해 주세요,N,현장체험학습; 체험학습; 도시락,preferred_vi 입력 필요
현장체험학습도시락물티슈,일정,현장체험학습 날 도시락 물 물티슈를 준비해 주세요,N,현장체험학습; 체험학습; 도시락,preferred_vi 입력 필요
현장체험학습 당일,일정,현장체험학습 당일에는 도시락 물 물티슈를 준비해 주세요,N,현장체험학습; 체험학습; 도시락,preferred_vi 입력 필요
현장체험학습 당일 도시락,일정,현장체험학습 당일에는 도시락 물 물티슈를 준비해 주세요,N,현장체험학습; 체험학습; 도시락,preferred_vi 입력 필요
현장체험학습당일,일정,현장체험학습 당일에는 도시락 물 물티슈를 준비해 주세요,N,현장체험학습; 체험학습; 도시락,preferred_vi 입력 필요
현장체험학습당일도시락,일정,현장체험학습 당일에는 도시락 물 물티슈를 준비해 주세요,N,현장체험학습; 체험학습; 도시락,preferred_vi 입력 필요
아동학대,건강·안전,아동학대 예방 안내문을 확인해 주세요,N,안내문,preferred_vi 입력 필요
아동학대 예방 안내문,건강·안전,아동학대 예방 안내문을 확인해 주세요,N,안내문,preferred_vi 입력 필요
아동학대예방안내문,건강·안전,아동학대 예방 안내문을 확인해 주세요,N,안내문,preferred_vi 입력 필요
안내문 확인해,건강·안전,아동학대 예방 안내문을 확인해 주세요,N,안내문,preferred_vi 입력 필요
안내문확인해,건강·안전,아동학대 예방 안내문을 확인해 주세요,N,안내문,preferred_vi 입력 필요
예방 안내문,건강·안전,아동학대 예방 안내문을 확인해 주세요,N,안내문,preferred_vi 입력 필요
예방 안내문 확인해,건강·안전,아동학대 예방 안내문을 확인해 주세요,N,안내문,preferred_vi 입력 필요
예방안내문,건강·안전,아동학대 예방 안내문을 확인해 주세요,N,안내문,preferred_vi 입력 필요
예방안내문확인해,건강·안전,아동학대 예방 안내문을 확인해 주세요,N,안내문,preferred_vi 입력 필요
안내문 보호자,건강·안전,가정 내 아동학대 예방 안내문을 보호자께서 확인해 주세요,N,보호자; 안내문,preferred_vi 입력 필요
안내문 보호자 확인해,건강·안전,가정 내 아동학대 예방 안내문을 보호자께서 확인해 주세요,N,보호자; 안내문,preferred_vi 입력 필요
안내문보호자,건강·안전,가정 내 아동학대 예방 안내문을 보호자께서 확인해 주세요,N,보호자; 안내문,preferred_vi 입력 필요
안내문보호자확인해,건강·안전,가정 내 아동학대 예방 안내문을 보호자께서 확인해 주세요,N,보호자; 안내문,preferred_vi 입력 필요
예방 안내문 보호자,건강·안전,가정 내 아동학대 예방 안내문을 보호자께서 확인해 주세요,N,보호자; 안내문,preferred_vi 입력 필요
예방안내문보호자,건강·안전,가정 내 아동학대 예방 안내문을 보호자께서 확인해 주세요,N,보호자; 안내문,preferred_vi 입력 필요
병원,비용,시력검사 후 병원 진료가 필요하면 안내문을 확인해 주세요,N,안내문,preferred_vi 입력 필요
병원 진료,비용,시력검사 후 병원 진료가 필요하면 안내문을 확인해 주세요,N,안내문,preferred_vi 입력 필요
병원 진료 필요하면,비용,시력검사 후 병원 진료가 필요하면 안내문을 확인해 주세요,N,안내문,preferred_vi 입력 필요
병원진료,비용,시력검사 후 병원 진료가 필요하면 안내문을 확인해 주세요,N,안내문,preferred_vi 입력 필요
병원진료필요하면,비용,시력검사 후 병원 진료가 필요하면 안내문을 확인해 주세요,N,안내문,preferred_vi 입력 필요
시력검사,비용,시력검사 후 병원 진료가 필요하면 안내문을 확인해 주세요,N,안내문,preferred_vi 입력 필요
시력검사 병원,비용,시력검사 후 병원 진료가 필요하면 안내문을 확인해 주세요,N,안내문,preferred_vi 입력 필요
시력검사 병원 진료,비용,시력검사 후 병원 진료가 필요하면 안내문을 확인해 주세요,N,안내문,preferred_vi 입력 필요
시력검사병원,비용,시력검사 후 병원 진료가 필요하면 안내문을 확인해 주세요,N,안내문,preferred_vi 입력 필요
시력검사병원진료,비용,시력검사 후 병원 진료가 필요하면 안내문을 확인해 주세요,N,안내문,preferred_vi 입력 필요
안과,비용,시력검사 후 병원 진료가 필요하면 안내문을 확인해 주세요,N,안내문,preferred_vi 입력 필요
진료,비용,시력검사 후 병원 진료가 필요하면 안내문을 확인해 주세요,N,안내문,preferred_vi 입력 필요
진료 필요하면,비용,시력검사 후 병원 진료가 필요하면 안내문을 확인해 주세요,N,안내문,preferred_vi 입력 필요
진료 필요하면 안내문,비용,시력검사 후 병원 진료가 필요하면 안내문을 확인해 주세요,N,안내문,preferred_vi 입력 필요
진료필요하면,비용,시력검사 후 병원 진료가 필요하면 안내문을 확인해 주세요,N,안내문,preferred_vi 입력 필요
진료필요하면안내문,비용,시력검사 후 병원 진료가 필요하면 안내문을 확인해 주세요,N,안내문,preferred_vi 입력 필요
필요하면 안내문,비용,시력검사 후 병원 진료가 필요하면 안내문을 확인해 주세요,N,안내문,preferred_vi 입력 필요
필요하면 안내문 확인해,비용,시력검사 후 병원 진료가 필요하면 안내문을 확인해 주세요,N,안내문,preferred_vi 입력 필요
필요하면안내문,비용,시력검사 후 병원 진료가 필요하면 안내문을 확인해 주세요,N,안내문,preferred_vi 입력 필요
필요하면안내문확인해,비용,시력검사 후 병원 진료가 필요하면 안내문을 확인해 주세요,N,안내문,preferred_vi 입력 필요
가정통신문,기타,시력검사 결과 안과 진료가 필요한 학생은 가정통신문을 확인해 주세요,Y,가정통신문,기존 사전 용어
가정통신문 확인해,기타,시력검사 결과 안과 진료가 필요한 학생은 가정통신문을 확인해 주세요,N,가정통신문,preferred_vi 입력 필요
가정통신문확인해,기타,시력검사 결과 안과 진료가 필요한 학생은 가정통신문을 확인해 주세요,N,가정통신문,preferred_vi 입력 필요
결과 안과 진료,기타,시력검사 결과 안과 진료가 필요한 학생은 가정통신문을 확인해 주세요,N,가정통신문,preferred_vi 입력 필요
결과안과진료,기타,시력검사 결과 안과 진료가 필요한 학생은 가정통신문을 확인해 주세요,N,가정통신문,preferred_vi 입력 필요
시력검사 결,기타,시력검사 결과 안과 진료가 필요한 학생은 가정통신문을 확인해 주세요,N,가정통신문,preferred_vi 입력 필요
시력검사 결과 안,기타,시력검사 결과 안과 진료가 필요한 학생은 가정통신문을 확인해 주세요,N,가정통신문,preferred_vi 입력 필요
시력검사결,기타,시력검사 결과 안과 진료가 필요한 학생은 가정통신문을 확인해 주세요,N,가정통신문,preferred_vi 입력 필요
시력검사결과안,기타,시력검사 결과 안과 진료가 필요한 학생은 가정통신문을 확인해 주세요,N,가정통신문,preferred_vi 입력 필요
안과 진료,기타,시력검사 결과 안과 진료가 필요한 학생은 가정통신문을 확인해 주세요,N,가정통신문,preferred_vi 입력 필요
안과 진료 필요한,기타,시력검사 결과 안과 진료가 필요한 학생은 가정통신문을 확인해 주세요,N,가정통신문,preferred_vi 입력 필요
안과진료,기타,시력검사 결과 안과 진료가 필요한 학생은 가정통신문을 확인해 주세요,N,가정통신문,preferred_vi 입력 필요
안과진료필요한,기타,시력검사 결과 안과 진료가 필요한 학생은 가정통신문을 확인해 주세요,N,가정통신문,preferred_vi 입력 필요
진료 필요한,기타,시력검사 결과 안과 진료가 필요한 학생은 가정통신문을 확인해 주세요,N,가정통신문,preferred_vi 입력 필요
진료 필요한 가정통신문,기타,시력검사 결과 안과 진료가 필요한 학생은 가정통신문을 확인해 주세요,N,가정통신문,preferred_vi 입력 필요
진료필요한,기타,시력검사 결과 안과 진료가 필요한 학생은 가정통신문을 확인해 주세요,N,가정통신문,preferred_vi 입력 필요
진료필요한가정통신문,기타,시력검사 결과 안과 진료가 필요한 학생은 가정통신문을 확인해 주세요,N,가정통신문,preferred_vi 입력 필요
필요한 가정통신문,기타,시력검사 결과 안과 진료가 필요한 학생은 가정통신문을 확인해 주세요,N,가정통신문,preferred_vi 입력 필요
필요한 가정통신문 확인해,기타,시력검사 결과 안과 진료가 필요한 학생은 가정통신문을 확인해 주세요,N,가정통신문,preferred_vi 입력 필요
필요한가정통신문,기타,시력검사 결과 안과 진료가 필요한 학생은 가정통신문을 확인해 주세요,N,가정통신문,preferred_vi 입력 필요
필요한가정통신문확인해,기타,시력검사 결과 안과 진료가 필요한 학생은 가정통신문을 확인해 주세요,N,가정통신문,preferred_vi 입력 필요
졸업식,일정,2월 7일 오전 10시에 졸업식이 있습니다,Y,졸업식,기존 사전 용어
체육관,일정,2월 7일 오전 10시에 졸업식이 있습니다,N,졸업식,preferred_vi 입력 필요
와이파,기타,와이파이 사용 서약서를 내 주세요,N,,preferred_vi 입력 필요
정보보호,기타,와이파이 사용 서약서를 내 주세요,N,,preferred_vi 입력 필요
30분 원격수업,일정,오전 9시 30분까지 원격수업 출석을 확인해 주세요,N,,preferred_vi 입력 필요
30분 원격수업 출석,일정,오전 9시 30분까지 원격수업 출석을 확인해 주세요,N,,preferred_vi 입력 필요
30분원격수업,일정,오전 9시 30분까지 원격수업 출석을 확인해 주세요,N,,preferred_vi 입력 필요
30분원격수업출석,일정,오전 9시 30분까지 원격수업 출석을 확인해 주세요,N,,preferred_vi 입력 필요
9시 30분 원격수업,일정,오전 9시 30분까지 원격수업 출석을 확인해 주세요,N,,preferred_vi 입력 필요
9시30분원격수업,일정,오전 9시 30분까지 원격수업 출석을 확인해 주세요,N,,preferred_vi 입력 필요
원격수업,일정,오전 9시 30분까지 원격수업 출석을 확인해 주세요,N,,preferred_vi 입력 필요
원격수업 출석,일정,오전 9시 30분까지 원격수업 출석을 확인해 주세요,N,,preferred_vi 입력 필요
원격수업 출석 확인해,일정,오전 9시 30분까지 원격수업 출석을 확인해 주세요,N,,preferred_vi 입력 필요
원격수업출석,일정,오전 9시 30분까지 원격수업 출석을 확인해 주세요,N,,preferred_vi 입력 필요
원격수업출석확인해,일정,오전 9시 30분까지 원격수업 출석을 확인해 주세요,N,,preferred_vi 입력 필요
출석확인,일정,오전 9시 30분까지 원격수업 출석을 확인해 주세요,N,,preferred_vi 입력 필요
30분 완료해야,일정,원격수업 출석 확인은 오전 9시 30분까지 완료해야 합니다,N,,preferred_vi 입력 필요
30분완료해야,일정,원격수업 출석 확인은 오전 9시 30분까지 완료해야 합니다,N,,preferred_vi 입력 필요
9시 30분 완료해야,일정,원격수업 출석 확인은 오전 9시 30분까지 완료해야 합니다,N,,preferred_vi 입력 필요
9시30분완료해야,일정,원격수업 출석 확인은 오전 9시 30분까지 완료해야 합니다,N,,preferred_vi 입력 필요
완료해야,일정,원격수업 출석 확인은 오전 9시 30분까지 완료해야 합니다,N,,preferred_vi 입력 필요
원격수업 출석 9시,일정,원격수업 출석 확인은 오전 9시 30분까지 완료해야 합니다,N,,preferred_vi 입력 필요
원격수업출석9시,일정,원격수업 출석 확인은 오전 9시 30분까지 완료해야 합니다,N,,preferred_vi 입력 필요
월요일 현장체험학습,일정,다음 주 월요일까지 현장체험학습 신청서를 내 주세요,N,현장체험학습; 체험학습; 신청서,preferred_vi 입력 필요
월요일 현장체험학습 신청서,일정,다음 주 월요일까지 현장체험학습 신청서를 내 주세요,N,현장체험학습; 체험학습; 신청서,preferred_vi 입력 필요
월요일현장체험학습,일정,다음 주 월요일까지 현장체험학습 신청서를 내 주세요,N,현장체험학습; 체험학습; 신청서,preferred_vi 입력 필요
월요일현장체험학습신청서,일정,다음 주 월요일까지 현장체험학습 신청서를 내 주세요,N,현장체험학습; 체험학습; 신청서,preferred_vi 입력 필요
현장체험학습 신청서,일정,다음 주 월요일까지 현장체험학습 신청서를 내 주세요,N,현장체험학습; 체험학습; 신청서,preferred_vi 입력 필요
현장체험학습신청서,일정,다음 주 월요일까지 현장체험학습 신청서를 내 주세요,N,현장체험학습; 체험학습; 신청서,preferred_vi 입력 필요
신청서 담임선생님께,일정,다음 주 월요일 현장체험학습 참가 신청서를 담임선생님께 제출해 주세요,N,현장체험학습; 체험학습; 신청서; 제출,preferred_vi 입력 필요
신청서 담임선생님께 제출해,일정,다음 주 월요일 현장체험학습 참가 신청서를 담임선생님께 제출해 주세요,N,현장체험학습; 체험학습; 신청서; 제출,preferred_vi 입력 필요
신청서담임선생님께,일정,다음 주 월요일 현장체험학습 참가 신청서를 담임선생님께 제출해 주세요,N,현장체험학습; 체험학습; 신청서; 제출,preferred_vi 입력 필요
신청서담임선생님께제출해,일정,다음 주 월요일 현장체험학습 참가 신청서를 담임선생님께 제출해 주세요,N,현장체험학습; 체험학습; 신청서; 제출,preferred_vi 입력 필요
월요일 현장체험학습 참,일정,다음 주 월요일 현장체험학습 참가 신청서를 담임선생님께 제출해 주세요,N,현장체험학습; 체험학습; 신청서; 제출,preferred_vi 입력 필요
월요일현장체험학습참,일정,다음 주 월요일 현장체험학습 참가 신청서를 담임선생님께 제출해 주세요,N,현장체험학습; 체험학습; 신청서; 제출,preferred_vi 입력 필요
참가 신청서,일정,다음 주 월요일 현장체험학습 참가 신청서를 담임선생님께 제출해 주세요,N,현장체험학습; 체험학습; 신청서; 제출,preferred_vi 입력 필요
참가 신청서 담임선생님께,일정,다음 주 월요일 현장체험학습 참가 신청서를 담임선생님께 제출해 주세요,N,현장체험학습; 체험학습; 신청서; 제출,preferred_vi 입력 필요
참가신청서,일정,다음 주 월요일 현장체험학습 참가 신청서를 담임선생님께 제출해 주세요,N,현장체험학습; 체험학습; 신청서; 제출,preferred_vi 입력 필요
참가신청서담임선생님께,일정,다음 주 월요일 현장체험학습 참가 신청서를 담임선생님께 제출해 주세요,N,현장체험학습; 체험학습; 신청서; 제출,preferred_vi 입력 필요
현장체험학습 참,일정,다음 주 월요일 현장체험학습 참가 신청서를 담임선생님께 제출해 주세요,N,현장체험학습; 체험학습; 신청서; 제출,preferred_vi 입력 필요
현장체험학습 참가 신청서,일정,다음 주 월요일 현장체험학습 참가 신청서를 담임선생님께 제출해 주세요,N,현장체험학습; 체험학습; 신청서; 제출,preferred_vi 입력 필요
현장체험학습참,일정,다음 주 월요일 현장체험학습 참가 신청서를 담임선생님께 제출해 주세요,N,현장체험학습; 체험학습; 신청서; 제출,preferred_vi 입력 필요
현장체험학습참가신청서,일정,다음 주 월요일 현장체험학습 참가 신청서를 담임선생님께 제출해 주세요,N,현장체험학습; 체험학습; 신청서; 제출,preferred_vi 입력 필요
인원,비용,참석 인원을 키즈노트로 알려 주세요,N,키즈노트,preferred_vi 입력 필요
참석인원,비용,참석 인원을 키즈노트로 알려 주세요,N,키즈노트,preferred_vi 입력 필요
가족 수업 참석,일정,가족 참여 수업 참석 인원을 키즈노트로 알려 주세요,N,키즈노트,preferred_vi 입력 필요
가족수업참석,일정,가족 참여 수업 참석 인원을 키즈노트로 알려 주세요,N,키즈노트,preferred_vi 입력 필요
수업 참석,일정,가족 참여 수업 참석 인원을 키즈노트로 알려 주세요,N,키즈노트,preferred_vi 입력 필요
수업 참석 인원,일정,가족 참여 수업 참석 인원을 키즈노트로 알려 주세요,N,키즈노트,preferred_vi 입력 필요
수업참석,일정,가족 참여 수업 참석 인원을 키즈노트로 알려 주세요,N,키즈노트,preferred_vi 입력 필요
수업참석인원,일정,가족 참여 수업 참석 인원을 키즈노트로 알려 주세요,N,키즈노트,preferred_vi 입력 필요
10시 공개수업,일정,5월 24일 오전 10시에 공개수업이 있습니다,N,공개수업,preferred_vi 입력 필요
10시공개수업,일정,5월 24일 오전 10시에 공개수업이 있습니다,N,공개수업,preferred_vi 입력 필요
24일,일정,5월 24일 오전 10시에 공개수업이 있습니다,N,공개수업,preferred_vi 입력 필요
24일 10시 공개수업,일정,5월 24일 오전 10시에 공개수업이 있습니다,N,공개수업,preferred_vi 입력 필요
24일10시공개수업,일정,5월 24일 오전 10시에 공개수업이 있습니다,N,공개수업,preferred_vi 입력 필요
공개수업 5월,일정,학부모 공개수업은 5월 24일 금요일 오전 10시에 시작합니다,N,공개수업,preferred_vi 입력 필요
공개수업 5월 24일,일정,학부모 공개수업은 5월 24일 금요일 오전 10시에 시작합니다,N,공개수업,preferred_vi 입력 필요
공개수업5월,일정,학부모 공개수업은 5월 24일 금요일 오전 10시에 시작합니다,N,공개수업,preferred_vi 입력 필요
공개수업5월24일,일정,학부모 공개수업은 5월 24일 금요일 오전 10시에 시작합니다,N,공개수업,preferred_vi 입력 필요
운동장 축구부 공개수업,일정,4월 12일 운동장에서 축구부 공개수업이 있습니다,N,공개수업,preferred_vi 입력 필요
운동장축구부공개수업,일정,4월 12일 운동장에서 축구부 공개수업이 있습니다,N,공개수업,preferred_vi 입력 필요
축구부,일정,4월 12일 운동장에서 축구부 공개수업이 있습니다,N,공개수업,preferred_vi 입력 필요
축구부 공개수업,일정,4월 12일 운동장에서 축구부 공개수업이 있습니다,N,공개수업,preferred_vi 입력 필요
축구부공개수업,일정,4월 12일 운동장에서 축구부 공개수업이 있습니다,N,공개수업,preferred_vi 입력 필요
공개수업 4월,일정,축구부 공개수업은 4월 12일 운동장에서 진행됩니다,N,공개수업,preferred_vi 입력 필요
공개수업 4월 12일,일정,축구부 공개수업은 4월 12일 운동장에서 진행됩니다,N,공개수업,preferred_vi 입력 필요
공개수업4월,일정,축구부 공개수업은 4월 12일 운동장에서 진행됩니다,N,공개수업,preferred_vi 입력 필요
공개수업4월12일,일정,축구부 공개수업은 4월 12일 운동장에서 진행됩니다,N,공개수업,preferred_vi 입력 필요
축구부 공개수업 4월,일정,축구부 공개수업은 4월 12일 운동장에서 진행됩니다,N,공개수업,preferred_vi 입력 필요
축구부공개수업4월,일정,축구부 공개수업은 4월 12일 운동장에서 진행됩니다,N,공개수업,preferred_vi 입력 필요
사진,일정,생일잔치 사진은 키즈노트에서 볼 수 있습니다,N,키즈노트,preferred_vi 입력 필요
간식 준비하므,일정,학급 생일잔치 간식은 학교에서 준비하므로 개인 간식은 보내지 않습니다,N,간식; 학급,preferred_vi 입력 필요
간식 준비하므 개인,일정,학급 생일잔치 간식은 학교에서 준비하므로 개인 간식은 보내지 않습니다,N,간식; 학급,preferred_vi 입력 필요
간식준비하므,일정,학급 생일잔치 간식은 학교에서 준비하므로 개인 간식은 보내지 않습니다,N,간식; 학급,preferred_vi 입력 필요
간식준비하므개인,일정,학급 생일잔치 간식은 학교에서 준비하므로 개인 간식은 보내지 않습니다,N,간식; 학급,preferred_vi 입력 필요
생일잔치 간식 준비하므,일정,학급 생일잔치 간식은 학교에서 준비하므로 개인 간식은 보내지 않습니다,N,간식; 학급,preferred_vi 입력 필요
생일잔치간식준비하므,일정,학급 생일잔치 간식은 학교에서 준비하므로 개인 간식은 보내지 않습니다,N,간식; 학급,preferred_vi 입력 필요
준비하므,일정,학급 생일잔치 간식은 학교에서 준비하므로 개인 간식은 보내지 않습니다,N,간식; 학급,preferred_vi 입력 필요
준비하므 개인,일정,학급 생일잔치 간식은 학교에서 준비하므로 개인 간식은 보내지 않습니다,N,간식; 학급,preferred_vi 입력 필요
준비하므 개인 간식,일정,학급 생일잔치 간식은 학교에서 준비하므로 개인 간식은 보내지 않습니다,N,간식; 학급,preferred_vi 입력 필요
준비하므개인,일정,학급 생일잔치 간식은 학교에서 준비하므로 개인 간식은 보내지 않습니다,N,간식; 학급,preferred_vi 입력 필요
준비하므개인간식,일정,학급 생일잔치 간식은 학교에서 준비하므로 개인 간식은 보내지 않습니다,N,간식; 학급,preferred_vi 입력 필요
급식 모니터링 신청서,제출,급식 모니터링 신청서를 내 주세요,N,신청서; 급식,preferred_vi 입력 필요
급식모니터링신청서,제출,급식 모니터링 신청서를 내 주세요,N,신청서; 급식,preferred_vi 입력 필요
모니터링 신청서,제출,급식 모니터링 신청서를 내 주세요,N,신청서; 급식,preferred_vi 입력 필요
모니터링신청서,제출,급식 모니터링 신청서를 내 주세요,N,신청서; 급식,preferred_vi 입력 필요
모니터링 신청서 제출해,제출,학부모 참여 급식 모니터링 신청서를 제출해 주세요,N,신청서; 급식; 제출,preferred_vi 입력 필요
모니터링신청서제출해,제출,학부모 참여 급식 모니터링 신청서를 제출해 주세요,N,신청서; 급식; 제출,preferred_vi 입력 필요
특성화 활동 신청서,일정,3월 15일까지 특성화 활동 신청서를 내 주세요,N,신청서,preferred_vi 입력 필요
특성화활동,일정,3월 15일까지 특성화 활동 신청서를 내 주세요,N,신청서,preferred_vi 입력 필요
특성화활동신청서,일정,3월 15일까지 특성화 활동 신청서를 내 주세요,N,신청서,preferred_vi 입력 필요
활동 신청서,일정,3월 15일까지 특성화 활동 신청서를 내 주세요,N,신청서,preferred_vi 입력 필요
활동신청서,일정,3월 15일까지 특성화 활동 신청서를 내 주세요,N,신청서,preferred_vi 입력 필요
신청서 3월,일정,방과후 특성화 활동 신청서는 3월 15일까지 제출해 주세요,N,신청서; 제출,preferred_vi 입력 필요
신청서 3월 15일,일정,방과후 특성화 활동 신청서는 3월 15일까지 제출해 주세요,N,신청서; 제출,preferred_vi 입력 필요
신청서3월,일정,방과후 특성화 활동 신청서는 3월 15일까지 제출해 주세요,N,신청서; 제출,preferred_vi 입력 필요
신청서3월15일,일정,방과후 특성화 활동 신청서는 3월 15일까지 제출해 주세요,N,신청서; 제출,preferred_vi 입력 필요
활동 신청서 3월,일정,방과후 특성화 활동 신청서는 3월 15일까지 제출해 주세요,N,신청서; 제출,preferred_vi 입력 필요
활동신청서3월,일정,방과후 특성화 활동 신청서는 3월 15일까지 제출해 주세요,N,신청서; 제출,preferred_vi 입력 필요
적응기간,일정,적응기간에는 오전 활동 후 집에 갑니다,N,,preferred_vi 입력 필요
하원합니다,일정,새 학기 적응기간에는 오전 활동 후 하원합니다,N,하원,preferred_vi 입력 필요
가져오세요,일정,실내화를 빨아서 월요일에 가져오세요,N,실내화,preferred_vi 입력 필요
실내화,일정,실내화를 빨아서 월요일에 가져오세요,Y,실내화,기존 사전 용어
독서기록장,일정,매주 금요일 독서기록장을 확인합니다,N,,preferred_vi 입력 필요
알레르기 있으면 조사서,건강·안전,알레르기가 있으면 조사서를 내 주세요,N,알레르기; 조사서,preferred_vi 입력 필요
알레르기있으면조사서,건강·안전,알레르기가 있으면 조사서를 내 주세요,N,알레르기; 조사서,preferred_vi 입력 필요
있으면 조사서,건강·안전,알레르기가 있으면 조사서를 내 주세요,N,알레르기; 조사서,preferred_vi 입력 필요
있으면조사서,건강·안전,알레르기가 있으면 조사서를 내 주세요,N,알레르기; 조사서,preferred_vi 입력 필요
알레르기 조사서 제출해,제출,급식 알레르기가 있는 유아는 알레르기 조사서를 제출해 주세요,N,알레르기; 조사서; 급식; 제출,preferred_vi 입력 필요
알레르기조사서제출해,제출,급식 알레르기가 있는 유아는 알레르기 조사서를 제출해 주세요,N,알레르기; 조사서; 급식; 제출,preferred_vi 입력 필요
유아 알레르기 조사서,제출,급식 알레르기가 있는 유아는 알레르기 조사서를 제출해 주세요,N,알레르기; 조사서; 급식; 제출,preferred_vi 입력 필요
유아알레르기조사서,제출,급식 알레르기가 있는 유아는 알레르기 조사서를 제출해 주세요,N,알레르기; 조사서; 급식; 제출,preferred_vi 입력 필요
조사서 제출해,제출,급식 알레르기가 있는 유아는 알레르기 조사서를 제출해 주세요,N,알레르기; 조사서; 급식; 제출,preferred_vi 입력 필요
조사서제출해,제출,급식 알레르기가 있는 유아는 알레르기 조사서를 제출해 주세요,N,알레르기; 조사서; 급식; 제출,preferred_vi 입력 필요
돗자리,준비물,운동회 돗자리는 학부모석에서만 씁니다,Y,돗자리; 운동회,기존 사전 용어
증명사진,기타,학생증을 만들 사진 1장을 보내 주세요,N,,preferred_vi 입력 필요
학생증,기타,학생증을 만들 사진 1장을 보내 주세요,N,,preferred_vi 입력 필요
멀미약,기타,멀미약이 필요하면 집에서 미리 먹여 주세요,N,,preferred_vi 입력 필요
스승의날,기타,스승의 날 선물은 받지 않습니다,N,,preferred_vi 입력 필요
청탁금지법,기타,스승의 날 선물은 받지 않습니다,N,,preferred_vi 입력 필요
7월5일,일정,7월 5일에 유치원에서 물놀이를 합니다,N,,preferred_vi 입력 필요
물놀,일정,7월 5일에 유치원에서 물놀이를 합니다,N,,preferred_vi 입력 필요
숲체험,기타,숲 체험 날 편한 운동화를 신겨 주세요,N,,preferred_vi 입력 필요
동물체험,건강·안전,동물 체험 전 손 씻기와 알레르기를 확인해 주세요,N,알레르기,preferred_vi 입력 필요
4일,일정,6월 4일 오전에 소방대피훈련을 합니다,N,,preferred_vi 입력 필요
4일 소방대피훈련,일정,6월 4일 오전에 소방대피훈련을 합니다,N,,preferred_vi 입력 필요
4일소방대피훈련,일정,6월 4일 오전에 소방대피훈련을 합니다,N,,preferred_vi 입력 필요
6월 4일 소방대피훈련,일정,6월 4일 오전에 소방대피훈련을 합니다,N,,preferred_vi 입력 필요
6월4일소방대피훈련,일정,6월 4일 오전에 소방대피훈련을 합니다,N,,preferred_vi 입력 필요
소방대피훈련,일정,6월 4일 오전에 소방대피훈련을 합니다,N,,preferred_vi 입력 필요
소방대피훈련 6월,일정,소방대피훈련은 6월 4일 오전에 실시됩니다,N,,preferred_vi 입력 필요
소방대피훈련 6월 4일,일정,소방대피훈련은 6월 4일 오전에 실시됩니다,N,,preferred_vi 입력 필요
소방대피훈련6월,일정,소방대피훈련은 6월 4일 오전에 실시됩니다,N,,preferred_vi 입력 필요
소방대피훈련6월4일,일정,소방대피훈련은 6월 4일 오전에 실시됩니다,N,,preferred_vi 입력 필요
가을운동회,일정,10월 4일에 가을 운동회가 있습니다,N,운동회,preferred_vi 입력 필요
운동장,일정,10월 4일에 가을 운동회가 있습니다,N,운동회,preferred_vi 입력 필요
간식비 환불,비용,간식비 환불은 오래 결석할 때만 됩니다,N,간식비; 간식; 결석,preferred_vi 입력 필요
간식비 환불 오래,비용,간식비 환불은 오래 결석할 때만 됩니다,N,간식비; 간식; 결석,preferred_vi 입력 필요
간식비환불,비용,간식비 환불은 오래 결석할 때만 됩니다,N,간식비; 간식; 결석,preferred_vi 입력 필요
간식비환불오래,비용,간식비 환불은 오래 결석할 때만 됩니다,N,간식비; 간식; 결석,preferred_vi 입력 필요
환불,비용,간식비 환불은 오래 결석할 때만 됩니다,N,간식비; 간식; 결석,preferred_vi 입력 필요
간식비 환불 장기,비용,간식비 환불은 장기 결석 시에만 가능합니다,N,간식비; 간식; 결석,preferred_vi 입력 필요
간식비환불장기,비용,간식비 환불은 장기 결석 시에만 가능합니다,N,간식비; 간식; 결석,preferred_vi 입력 필요
발표회 의상비,비용,발표회 의상비 25000원을 내 주세요,N,,preferred_vi 입력 필요
발표회 의상비 25000원,비용,발표회 의상비 25000원을 내 주세요,N,,preferred_vi 입력 필요
발표회의상비,비용,발표회 의상비 25000원을 내 주세요,N,,preferred_vi 입력 필요
발표회의상비25000원,비용,발표회 의상비 25000원을 내 주세요,N,,preferred_vi 입력 필요
의상비,비용,발표회 의상비 25000원을 내 주세요,N,,preferred_vi 입력 필요
의상비 25000원,비용,발표회 의상비 25000원을 내 주세요,N,,preferred_vi 입력 필요
의상비25000원,비용,발표회 의상비 25000원을 내 주세요,N,,preferred_vi 입력 필요
의상비 25000원 납부해,비용,발표회 의상비 25000원을 납부해 주세요,N,납부,preferred_vi 입력 필요
의상비25000원납부해,비용,발표회 의상비 25000원을 납부해 주세요,N,납부,preferred_vi 입력 필요
개인정보,기타,개인정보가 바뀌면 앱에서 고쳐 주세요,N,,preferred_vi 입력 필요
변경 사항,기타,개인정보 변경 사항은 학교 앱에서 수정해 주세요,Y,변경 사항,기존 사전 용어
유희실,일정,3월 4일 오전 10시에 입학식이 있습니다,N,입학식,preferred_vi 입력 필요
입학식,일정,3월 4일 오전 10시에 입학식이 있습니다,Y,입학식,기존 사전 용어
가져오지,준비물,개인 장난감은 유치원에 가져오지 않습니다,N,,preferred_vi 입력 필요
개인장난감,준비물,개인 장난감은 유치원에 가져오지 않습니다,N,,preferred_vi 입력 필요
분실,준비물,개인 장난감은 유치원에 가져오지 않습니다,N,,preferred_vi 입력 필요
원으,준비물,개인 장난감은 분실 위험이 있어 원으로 가져오지 않습니다,N,,preferred_vi 입력 필요
급식비 지원,비용,급식비 지원이 필요하면 행정실에 물어보세요,N,급식비; 행정실; 급식,preferred_vi 입력 필요
급식비 지원 필요하면,비용,급식비 지원이 필요하면 행정실에 물어보세요,N,급식비; 행정실; 급식,preferred_vi 입력 필요
급식비지원,비용,급식비 지원이 필요하면 행정실에 물어보세요,N,급식비; 행정실; 급식,preferred_vi 입력 필요
급식비지원필요하면,비용,급식비 지원이 필요하면 행정실에 물어보세요,N,급식비; 행정실; 급식,preferred_vi 입력 필요
지원,비용,급식비 지원이 필요하면 행정실에 물어보세요,N,급식비; 행정실; 급식,preferred_vi 입력 필요
지원신청,제출,급식비 지원이 필요하면 행정실에 물어보세요,N,급식비; 행정실; 급식,preferred_vi 입력 필요
급식비 지원 신청,제출,급식비 지원 신청이 필요한 가정은 행정실로 문의해 주세요,N,급식비; 행정실; 급식,preferred_vi 입력 필요
급식비지원신청,제출,급식비 지원 신청이 필요한 가정은 행정실로 문의해 주세요,N,급식비; 행정실; 급식,preferred_vi 입력 필요
18일 총회,일정,3월 18일까지 학부모 총회 참석 여부를 알려 주세요,N,학부모 총회,preferred_vi 입력 필요
18일 총회 참석,일정,3월 18일까지 학부모 총회 참석 여부를 알려 주세요,N,학부모 총회,preferred_vi 입력 필요
18일총회,일정,3월 18일까지 학부모 총회 참석 여부를 알려 주세요,N,학부모 총회,preferred_vi 입력 필요
18일총회참석,일정,3월 18일까지 학부모 총회 참석 여부를 알려 주세요,N,학부모 총회,preferred_vi 입력 필요
3월 18일 총회,일정,3월 18일까지 학부모 총회 참석 여부를 알려 주세요,N,학부모 총회,preferred_vi 입력 필요
3월18일총회,일정,3월 18일까지 학부모 총회 참석 여부를 알려 주세요,N,학부모 총회,preferred_vi 입력 필요
참석여부,일정,3월 18일까지 학부모 총회 참석 여부를 알려 주세요,N,학부모 총회,preferred_vi 입력 필요
총회 참석,일정,3월 18일까지 학부모 총회 참석 여부를 알려 주세요,N,학부모 총회,preferred_vi 입력 필요
총회 참석 여부,일정,3월 18일까지 학부모 총회 참석 여부를 알려 주세요,N,학부모 총회,preferred_vi 입력 필요
총회참석,일정,3월 18일까지 학부모 총회 참석 여부를 알려 주세요,N,학부모 총회,preferred_vi 입력 필요
총회참석여부,일정,3월 18일까지 학부모 총회 참석 여부를 알려 주세요,N,학부모 총회,preferred_vi 입력 필요
8000원,비용,요리 활동 재료비 8000원을 내 주세요,N,,preferred_vi 입력 필요
요리 활동 재료비,비용,요리 활동 재료비 8000원을 내 주세요,N,,preferred_vi 입력 필요
요리활동재료비,비용,요리 활동 재료비 8000원을 내 주세요,N,,preferred_vi 입력 필요
재료비,비용,요리 활동 재료비 8000원을 내 주세요,N,,preferred_vi 입력 필요
재료비 8000원,비용,요리 활동 재료비 8000원을 내 주세요,N,,preferred_vi 입력 필요
재료비8000원,비용,요리 활동 재료비 8000원을 내 주세요,N,,preferred_vi 입력 필요
활동 재료비,비용,요리 활동 재료비 8000원을 내 주세요,N,,preferred_vi 입력 필요
활동 재료비 8000원,비용,요리 활동 재료비 8000원을 내 주세요,N,,preferred_vi 입력 필요
활동재료비,비용,요리 활동 재료비 8000원을 내 주세요,N,,preferred_vi 입력 필요
활동재료비8000원,비용,요리 활동 재료비 8000원을 내 주세요,N,,preferred_vi 입력 필요
재료비 8000원 납부해,비용,요리 활동 재료비 8000원을 납부해 주세요,N,납부,preferred_vi 입력 필요
재료비8000원납부해,비용,요리 활동 재료비 8000원을 납부해 주세요,N,납부,preferred_vi 입력 필요
30일 개인정보 동의서,일정,4월 30일까지 개인정보 동의서를 내 주세요,N,개인정보 동의서; 동의서,preferred_vi 입력 필요
30일개인정보동의서,일정,4월 30일까지 개인정보 동의서를 내 주세요,N,개인정보 동의서; 동의서,preferred_vi 입력 필요
개인정보 동의서,일정,4월 30일까지 개인정보 동의서를 내 주세요,Y,개인정보 동의서; 동의서,기존 사전 용어
개인정보동의서,일정,4월 30일까지 개인정보 동의서를 내 주세요,N,개인정보 동의서; 동의서,preferred_vi 입력 필요
동의서 제출해,일정,4월 30일까지 개인정보 수집 이용 동의서를 제출해 주세요,N,동의서; 제출,preferred_vi 입력 필요
동의서제출해,일정,4월 30일까지 개인정보 수집 이용 동의서를 제출해 주세요,N,동의서; 제출,preferred_vi 입력 필요
수집 이용 동의서,일정,4월 30일까지 개인정보 수집 이용 동의서를 제출해 주세요,N,동의서; 제출,preferred_vi 입력 필요
수집이용동의서,일정,4월 30일까지 개인정보 수집 이용 동의서를 제출해 주세요,N,동의서; 제출,preferred_vi 입력 필요
이용 동의서,일정,4월 30일까지 개인정보 수집 이용 동의서를 제출해 주세요,N,동의서; 제출,preferred_vi 입력 필요
이용 동의서 제출해,일정,4월 30일까지 개인정보 수집 이용 동의서를 제출해 주세요,N,동의서; 제출,preferred_vi 입력 필요
이용동의서,일정,4월 30일까지 개인정보 수집 이용 동의서를 제출해 주세요,N,동의서; 제출,preferred_vi 입력 필요
이용동의서제출해,일정,4월 30일까지 개인정보 수집 이용 동의서를 제출해 주세요,N,동의서; 제출,preferred_vi 입력 필요
졸업여행,기타,졸업여행 희망 조사를 키즈노트로 내 주세요,N,키즈노트,preferred_vi 입력 필요
희망조사,기타,졸업여행 희망 조사를 키즈노트로 내 주세요,N,키즈노트,preferred_vi 입력 필요
방학 과제,일정,개학일에 방학 과제와 실내화를 가져오세요,Y,방학 과제; 실내화; 개학; 방학,기존 사전 용어
방학과제,일정,개학일에 방학 과제와 실내화를 가져오세요,N,방학 과제; 실내화; 개학; 방학,preferred_vi 입력 필요
보호자 동의서,제출,합창부를 하려면 보호자 동의서를 내 주세요,N,동의서; 보호자,preferred_vi 입력 필요
보호자동의서,제출,합창부를 하려면 보호자 동의서를 내 주세요,N,동의서; 보호자,preferred_vi 입력 필요
하려면 보호자 동의서,제출,합창부를 하려면 보호자 동의서를 내 주세요,N,동의서; 보호자,preferred_vi 입력 필요
하려면보호자동의서,제출,합창부를 하려면 보호자 동의서를 내 주세요,N,동의서; 보호자,preferred_vi 입력 필요
보호자 동의서 제출해,제출,합창부 참가 희망자는 보호자 동의서를 제출해 주세요,N,동의서; 보호자; 제출,preferred_vi 입력 필요
보호자동의서제출해,제출,합창부 참가 희망자는 보호자 동의서를 제출해 주세요,N,동의서; 보호자; 제출,preferred_vi 입력 필요
희망자 보호자 동의서,제출,합창부 참가 희망자는 보호자 동의서를 제출해 주세요,N,동의서; 보호자; 제출,preferred_vi 입력 필요
희망자보호자동의서,제출,합창부 참가 희망자는 보호자 동의서를 제출해 주세요,N,동의서; 보호자; 제출,preferred_vi 입력 필요
색종,일정,금요일까지 색종이와 풀을 보내 주세요,N,색종이; 풀,preferred_vi 입력 필요
색종이,일정,금요일까지 색종이와 풀을 보내 주세요,Y,색종이; 풀,기존 사전 용어
풀,일정,금요일까지 색종이와 풀을 보내 주세요,Y,색종이; 풀,기존 사전 용어
풀을,일정,금요일까지 색종이와 풀을 보내 주세요,N,색종이; 풀,preferred_vi 입력 필요
보고서,일정,체험학습 보고서를 7일 안에 내야 출석으로 인정됩니다,N,체험학습,preferred_vi 입력 필요
체험학습 보고서,일정,체험학습 보고서를 7일 안에 내야 출석으로 인정됩니다,N,체험학습,preferred_vi 입력 필요
체험학습 보고서 7일,일정,체험학습 보고서를 7일 안에 내야 출석으로 인정됩니다,N,체험학습,preferred_vi 입력 필요
체험학습보고서,일정,체험학습 보고서를 7일 안에 내야 출석으로 인정됩니다,N,체험학습,preferred_vi 입력 필요
체험학습보고서7일,일정,체험학습 보고서를 7일 안에 내야 출석으로 인정됩니다,N,체험학습,preferred_vi 입력 필요
출석인정,일정,체험학습 보고서를 7일 안에 내야 출석으로 인정됩니다,Y,체험학습,기존 사전 용어
체험학습 보고서 등교,일정,체험학습 보고서는 등교 후 7일 이내에 제출해야 출석으로 인정됩니다,N,체험학습; 등교; 제출,preferred_vi 입력 필요
체험학습보고서등교,일정,체험학습 보고서는 등교 후 7일 이내에 제출해야 출석으로 인정됩니다,N,체험학습; 등교; 제출,preferred_vi 입력 필요
금요일 체험 동의서,일정,금요일까지 숲 체험 동의서를 보내 주세요,N,동의서,preferred_vi 입력 필요
금요일체험동의서,일정,금요일까지 숲 체험 동의서를 보내 주세요,N,동의서,preferred_vi 입력 필요
체험 동의서,일정,금요일까지 숲 체험 동의서를 보내 주세요,N,동의서,preferred_vi 입력 필요
체험동의서,일정,금요일까지 숲 체험 동의서를 보내 주세요,N,동의서,preferred_vi 입력 필요
동의서 금요일,일정,숲 체험 참가 동의서를 금요일까지 원으로 보내 주세요,N,동의서,preferred_vi 입력 필요
동의서 금요일 원으,일정,숲 체험 참가 동의서를 금요일까지 원으로 보내 주세요,N,동의서,preferred_vi 입력 필요
동의서금요일,일정,숲 체험 참가 동의서를 금요일까지 원으로 보내 주세요,N,동의서,preferred_vi 입력 필요
동의서금요일원으,일정,숲 체험 참가 동의서를 금요일까지 원으로 보내 주세요,N,동의서,preferred_vi 입력 필요
참가 동의서 금요일,일정,숲 체험 참가 동의서를 금요일까지 원으로 보내 주세요,N,동의서,preferred_vi 입력 필요
참가동의서금요일,일정,숲 체험 참가 동의서를 금요일까지 원으로 보내 주세요,N,동의서,preferred_vi 입력 필요
체험 참가 동의서,일정,숲 체험 참가 동의서를 금요일까지 원으로 보내 주세요,N,동의서,preferred_vi 입력 필요
체험참가동의서,일정,숲 체험 참가 동의서를 금요일까지 원으로 보내 주세요,N,동의서,preferred_vi 입력 필요
참석가족,기타,운동회 참석 가족 수를 알려 주세요,N,운동회,preferred_vi 입력 필요
이용교육,기타,이번 주에 도서관 이용 방법을 배웁니다,N,,preferred_vi 입력 필요
교육 이번,기타,학교 도서관 이용 교육이 이번 주 각 학급에서 진행됩니다,N,학급,preferred_vi 입력 필요
교육 이번 학급,기타,학교 도서관 이용 교육이 이번 주 각 학급에서 진행됩니다,N,학급,preferred_vi 입력 필요
교육이번,기타,학교 도서관 이용 교육이 이번 주 각 학급에서 진행됩니다,N,학급,preferred_vi 입력 필요
교육이번학급,기타,학교 도서관 이용 교육이 이번 주 각 학급에서 진행됩니다,N,학급,preferred_vi 입력 필요
도서관 이용 교육,기타,학교 도서관 이용 교육이 이번 주 각 학급에서 진행됩니다,N,학급,preferred_vi 입력 필요
도서관이용교육,기타,학교 도서관 이용 교육이 이번 주 각 학급에서 진행됩니다,N,학급,preferred_vi 입력 필요
이용 교육,기타,학교 도서관 이용 교육이 이번 주 각 학급에서 진행됩니다,N,학급,preferred_vi 입력 필요
이용 교육 이번,기타,학교 도서관 이용 교육이 이번 주 각 학급에서 진행됩니다,N,학급,preferred_vi 입력 필요
이용교육이번,기타,학교 도서관 이용 교육이 이번 주 각 학급에서 진행됩니다,N,학급,preferred_vi 입력 필요
캠페인,건강·안전,다음 주 등교 시간에 교통안전 캠페인을 합니다,N,교통안전; 등교,preferred_vi 입력 필요
비닐봉투,준비물,수영복 여벌옷 수건 비닐봉투를 준비해 주세요,N,여벌옷; 수건,preferred_vi 입력 필요
비닐봉투 준비해,준비물,수영복 여벌옷 수건 비닐봉투를 준비해 주세요,N,여벌옷; 수건,preferred_vi 입력 필요
비닐봉투준비해,준비물,수영복 여벌옷 수건 비닐봉투를 준비해 주세요,N,여벌옷; 수건,preferred_vi 입력 필요
수건 비닐봉투,준비물,수영복 여벌옷 수건 비닐봉투를 준비해 주세요,N,여벌옷; 수건,preferred_vi 입력 필요
수건 비닐봉투 준비해,준비물,수영복 여벌옷 수건 비닐봉투를 준비해 주세요,N,여벌옷; 수건,preferred_vi 입력 필요
수건비닐봉투,준비물,수영복 여벌옷 수건 비닐봉투를 준비해 주세요,N,여벌옷; 수건,preferred_vi 입력 필요
수건비닐봉투준비해,준비물,수영복 여벌옷 수건 비닐봉투를 준비해 주세요,N,여벌옷; 수건,preferred_vi 입력 필요
수영복,준비물,수영복 여벌옷 수건 비닐봉투를 준비해 주세요,N,여벌옷; 수건,preferred_vi 입력 필요
여벌옷 수건 비닐봉투,준비물,수영복 여벌옷 수건 비닐봉투를 준비해 주세요,N,여벌옷; 수건,preferred_vi 입력 필요
여벌옷수건비닐봉투,준비물,수영복 여벌옷 수건 비닐봉투를 준비해 주세요,N,여벌옷; 수건,preferred_vi 입력 필요
물놀 준비물,준비물,물놀이 준비물은 수영복 여벌옷 수건 비닐봉투입니다,N,여벌옷; 준비물; 수건,preferred_vi 입력 필요
물놀 준비물 수영복,준비물,물놀이 준비물은 수영복 여벌옷 수건 비닐봉투입니다,N,여벌옷; 준비물; 수건,preferred_vi 입력 필요
물놀준비물,준비물,물놀이 준비물은 수영복 여벌옷 수건 비닐봉투입니다,N,여벌옷; 준비물; 수건,preferred_vi 입력 필요
물놀준비물수영복,준비물,물놀이 준비물은 수영복 여벌옷 수건 비닐봉투입니다,N,여벌옷; 준비물; 수건,preferred_vi 입력 필요
비닐봉투입니다,준비물,물놀이 준비물은 수영복 여벌옷 수건 비닐봉투입니다,N,여벌옷; 준비물; 수건,preferred_vi 입력 필요
수건 비닐봉투입니다,준비물,물놀이 준비물은 수영복 여벌옷 수건 비닐봉투입니다,N,여벌옷; 준비물; 수건,preferred_vi 입력 필요
수건비닐봉투입니다,준비물,물놀이 준비물은 수영복 여벌옷 수건 비닐봉투입니다,N,여벌옷; 준비물; 수건,preferred_vi 입력 필요
여벌옷 수건 비닐봉투입니다,준비물,물놀이 준비물은 수영복 여벌옷 수건 비닐봉투입니다,N,여벌옷; 준비물; 수건,preferred_vi 입력 필요
여벌옷수건비닐봉투입니다,준비물,물놀이 준비물은 수영복 여벌옷 수건 비닐봉투입니다,N,여벌옷; 준비물; 수건,preferred_vi 입력 필요
준비물 수영복,준비물,물놀이 준비물은 수영복 여벌옷 수건 비닐봉투입니다,N,여벌옷; 준비물; 수건,preferred_vi 입력 필요
준비물 수영복 여벌옷,준비물,물놀이 준비물은 수영복 여벌옷 수건 비닐봉투입니다,N,여벌옷; 준비물; 수건,preferred_vi 입력 필요
준비물수영복,준비물,물놀이 준비물은 수영복 여벌옷 수건 비닐봉투입니다,N,여벌옷; 준비물; 수건,preferred_vi 입력 필요
준비물수영복여벌옷,준비물,물놀이 준비물은 수영복 여벌옷 수건 비닐봉투입니다,N,여벌옷; 준비물; 수건,preferred_vi 입력 필요
동물 체험 동의서,일정,수요일까지 동물 체험 동의서를 내 주세요,N,동의서,preferred_vi 입력 필요
동물체험동의서,일정,수요일까지 동물 체험 동의서를 내 주세요,N,동의서,preferred_vi 입력 필요
동의서 수요일,일정,동물 체험 참가 동의서를 수요일까지 제출해 주세요,N,동의서; 제출,preferred_vi 입력 필요
동의서 수요일 제출해,일정,동물 체험 참가 동의서를 수요일까지 제출해 주세요,N,동의서; 제출,preferred_vi 입력 필요
동의서수요일,일정,동물 체험 참가 동의서를 수요일까지 제출해 주세요,N,동의서; 제출,preferred_vi 입력 필요
동의서수요일제출해,일정,동물 체험 참가 동의서를 수요일까지 제출해 주세요,N,동의서; 제출,preferred_vi 입력 필요
참가 동의서 수요일,일정,동물 체험 참가 동의서를 수요일까지 제출해 주세요,N,동의서; 제출,preferred_vi 입력 필요
참가동의서수요일,일정,동물 체험 참가 동의서를 수요일까지 제출해 주세요,N,동의서; 제출,preferred_vi 입력 필요
결과지,건강·안전,이번 주까지 유아 건강검진 결과지를 내 주세요,N,건강검진,preferred_vi 입력 필요
말일,일정,간식 신청 변경은 매월 말일까지 할 수 있습니다,N,간식,preferred_vi 입력 필요
변경신청,일정,간식 신청 변경은 매월 말일까지 할 수 있습니다,N,간식,preferred_vi 입력 필요
과제,기타,여름방학 과제 안내장은 방학식 날 나갑니다,N,방학 과제; 방학,preferred_vi 입력 필요
여름방학,기타,여름방학 과제 안내장은 방학식 날 나갑니다,N,방학 과제; 방학,preferred_vi 입력 필요
가위,준비물,다음 주까지 풀 가위 색연필을 보내 주세요,Y,가위; 풀,기존 사전 용어
색연필,준비물,다음 주까지 풀 가위 색연필을 보내 주세요,N,가위; 풀,preferred_vi 입력 필요
준비물 가위,준비물,학급 준비물로 풀 가위 색연필을 다음 주까지 보내 주세요,N,준비물; 가위; 학급; 풀,preferred_vi 입력 필요
준비물 가위 색연필,준비물,학급 준비물로 풀 가위 색연필을 다음 주까지 보내 주세요,N,준비물; 가위; 학급; 풀,preferred_vi 입력 필요
준비물가위,준비물,학급 준비물로 풀 가위 색연필을 다음 주까지 보내 주세요,N,준비물; 가위; 학급; 풀,preferred_vi 입력 필요
준비물가위색연필,준비물,학급 준비물로 풀 가위 색연필을 다음 주까지 보내 주세요,N,준비물; 가위; 학급; 풀,preferred_vi 입력 필요
학급 준비물,준비물,학급 준비물로 풀 가위 색연필을 다음 주까지 보내 주세요,N,준비물; 가위; 학급; 풀,preferred_vi 입력 필요
학급 준비물 가위,준비물,학급 준비물로 풀 가위 색연필을 다음 주까지 보내 주세요,N,준비물; 가위; 학급; 풀,preferred_vi 입력 필요
학급준비물,준비물,학급 준비물로 풀 가위 색연필을 다음 주까지 보내 주세요,N,준비물; 가위; 학급; 풀,preferred_vi 입력 필요
학급준비물가위,준비물,학급 준비물로 풀 가위 색연필을 다음 주까지 보내 주세요,N,준비물; 가위; 학급; 풀,preferred_vi 입력 필요
어린이날,일정,어린이날 행사 때 편한 옷과 운동화를 신겨 주세요,N,,preferred_vi 입력 필요
어린이날 행사,일정,어린이날 행사 때 편한 옷과 운동화를 신겨 주세요,N,,preferred_vi 입력 필요
어린이날 행사 편한,일정,어린이날 행사 때 편한 옷과 운동화를 신겨 주세요,N,,preferred_vi 입력 필요
어린이날행사,일정,어린이날 행사 때 편한 옷과 운동화를 신겨 주세요,N,,preferred_vi 입력 필요
어린이날행사편한,일정,어린이날 행사 때 편한 옷과 운동화를 신겨 주세요,N,,preferred_vi 입력 필요
행사 편한,일정,어린이날 행사 때 편한 옷과 운동화를 신겨 주세요,N,,preferred_vi 입력 필요
행사 편한 옷,일정,어린이날 행사 때 편한 옷과 운동화를 신겨 주세요,N,,preferred_vi 입력 필요
행사편한,일정,어린이날 행사 때 편한 옷과 운동화를 신겨 주세요,N,,preferred_vi 입력 필요
행사편한옷,일정,어린이날 행사 때 편한 옷과 운동화를 신겨 주세요,N,,preferred_vi 입력 필요
어린이날 행사 간편한,일정,어린이날 행사로 간편한 복장과 운동화를 착용해 주세요,N,,preferred_vi 입력 필요
어린이날행사간편한,일정,어린이날 행사로 간편한 복장과 운동화를 착용해 주세요,N,,preferred_vi 입력 필요
행사 간편한,일정,어린이날 행사로 간편한 복장과 운동화를 착용해 주세요,N,,preferred_vi 입력 필요
행사 간편한 복장,일정,어린이날 행사로 간편한 복장과 운동화를 착용해 주세요,N,,preferred_vi 입력 필요
행사간편한,일정,어린이날 행사로 간편한 복장과 운동화를 착용해 주세요,N,,preferred_vi 입력 필요
행사간편한복장,일정,어린이날 행사로 간편한 복장과 운동화를 착용해 주세요,N,,preferred_vi 입력 필요
우유급식,일정,4월 5일까지 우유 급식을 신청할 수 있습니다,N,급식,preferred_vi 입력 필요
가방 여분 마스크,건강·안전,가방에 여분 마스크를 넣어 주세요,N,여분 마스크; 마스크,preferred_vi 입력 필요
가방여분마스크,건강·안전,가방에 여분 마스크를 넣어 주세요,N,여분 마스크; 마스크,preferred_vi 입력 필요
마스크,건강·안전,가방에 여분 마스크를 넣어 주세요,Y,여분 마스크; 마스크,기존 사전 용어
마스크 넣어,건강·안전,가방에 여분 마스크를 넣어 주세요,N,여분 마스크; 마스크,preferred_vi 입력 필요
마스크넣어,건강·안전,가방에 여분 마스크를 넣어 주세요,N,여분 마스크; 마스크,preferred_vi 입력 필요
마스크여분,건강·안전,가방에 여분 마스크를 넣어 주세요,N,여분 마스크; 마스크,preferred_vi 입력 필요
여분 마스크,건강·안전,가방에 여분 마스크를 넣어 주세요,Y,여분 마스크; 마스크,기존 사전 용어
여분 마스크 넣어,건강·안전,가방에 여분 마스크를 넣어 주세요,N,여분 마스크; 마스크,preferred_vi 입력 필요
여분마스크,건강·안전,가방에 여분 마스크를 넣어 주세요,N,여분 마스크; 마스크,preferred_vi 입력 필요
여분마스크넣어,건강·안전,가방에 여분 마스크를 넣어 주세요,N,여분 마스크; 마스크,preferred_vi 입력 필요
마스크 여분,건강·안전,겨울철 감염병 예방을 위해 마스크 여분을 가방에 넣어 주세요,N,감염병; 마스크,preferred_vi 입력 필요
마스크 여분 가방,건강·안전,겨울철 감염병 예방을 위해 마스크 여분을 가방에 넣어 주세요,N,감염병; 마스크,preferred_vi 입력 필요
마스크여분가방,건강·안전,겨울철 감염병 예방을 위해 마스크 여분을 가방에 넣어 주세요,N,감염병; 마스크,preferred_vi 입력 필요
예방 위해 마스크,건강·안전,겨울철 감염병 예방을 위해 마스크 여분을 가방에 넣어 주세요,N,감염병; 마스크,preferred_vi 입력 필요
예방위해마스크,건강·안전,겨울철 감염병 예방을 위해 마스크 여분을 가방에 넣어 주세요,N,감염병; 마스크,preferred_vi 입력 필요
위해 마스크,건강·안전,겨울철 감염병 예방을 위해 마스크 여분을 가방에 넣어 주세요,N,감염병; 마스크,preferred_vi 입력 필요
위해 마스크 여분,건강·안전,겨울철 감염병 예방을 위해 마스크 여분을 가방에 넣어 주세요,N,감염병; 마스크,preferred_vi 입력 필요
위해마스크,건강·안전,겨울철 감염병 예방을 위해 마스크 여분을 가방에 넣어 주세요,N,감염병; 마스크,preferred_vi 입력 필요
위해마스크여분,건강·안전,겨울철 감염병 예방을 위해 마스크 여분을 가방에 넣어 주세요,N,감염병; 마스크,preferred_vi 입력 필요
개인 마스크,준비물,앞치마와 개인 마스크를 준비해 주세요,N,마스크; 앞치마,preferred_vi 입력 필요
개인 마스크 준비해,준비물,앞치마와 개인 마스크를 준비해 주세요,N,마스크; 앞치마,preferred_vi 입력 필요
개인마스크,준비물,앞치마와 개인 마스크를 준비해 주세요,N,마스크; 앞치마,preferred_vi 입력 필요
개인마스크준비해,준비물,앞치마와 개인 마스크를 준비해 주세요,N,마스크; 앞치마,preferred_vi 입력 필요
마스크 준비해,준비물,앞치마와 개인 마스크를 준비해 주세요,N,마스크; 앞치마,preferred_vi 입력 필요
마스크준비해,준비물,앞치마와 개인 마스크를 준비해 주세요,N,마스크; 앞치마,preferred_vi 입력 필요
앞치마 개인 마스크,준비물,앞치마와 개인 마스크를 준비해 주세요,N,마스크; 앞치마,preferred_vi 입력 필요
앞치마개인마스크,준비물,앞치마와 개인 마스크를 준비해 주세요,N,마스크; 앞치마,preferred_vi 입력 필요
친구사랑,기타,친구사랑 활동지를 집에서 함께 써 주세요,N,,preferred_vi 입력 필요
원복 월요일 행사일,일정,원복은 월요일과 행사일에 입습니다,N,원복,preferred_vi 입력 필요
원복월요일행사일,일정,원복은 월요일과 행사일에 입습니다,N,원복,preferred_vi 입력 필요
월요일 행사일,일정,원복은 월요일과 행사일에 입습니다,N,원복,preferred_vi 입력 필요
월요일 행사일 입습니다,일정,원복은 월요일과 행사일에 입습니다,N,원복,preferred_vi 입력 필요
월요일행사일,일정,원복은 월요일과 행사일에 입습니다,N,원복,preferred_vi 입력 필요
월요일행사일입습니다,일정,원복은 월요일과 행사일에 입습니다,N,원복,preferred_vi 입력 필요
착용일,일정,원복은 월요일과 행사일에 입습니다,N,원복,preferred_vi 입력 필요
행사일,일정,원복은 월요일과 행사일에 입습니다,N,원복,preferred_vi 입력 필요
행사일 입습니다,일정,원복은 월요일과 행사일에 입습니다,N,원복,preferred_vi 입력 필요
행사일입습니다,일정,원복은 월요일과 행사일에 입습니다,N,원복,preferred_vi 입력 필요
매주 월요일 행사일입니다,일정,원복 착용일은 매주 월요일과 행사일입니다,N,원복,preferred_vi 입력 필요
매주월요일행사일입니다,일정,원복 착용일은 매주 월요일과 행사일입니다,N,원복,preferred_vi 입력 필요
월요일 행사일입니다,일정,원복 착용일은 매주 월요일과 행사일입니다,N,원복,preferred_vi 입력 필요
월요일행사일입니다,일정,원복 착용일은 매주 월요일과 행사일입니다,N,원복,preferred_vi 입력 필요
행사일입니다,일정,원복 착용일은 매주 월요일과 행사일입니다,N,원복,preferred_vi 입력 필요
참여링크,일정,연수 링크는 당일 오전 문자로 보냅니다,N,,preferred_vi 입력 필요
1일,일정,5월 1일까지 글쓰기 대회 원고를 내 주세요,N,,preferred_vi 입력 필요
글쓰기대회,일정,5월 1일까지 글쓰기 대회 원고를 내 주세요,N,,preferred_vi 입력 필요
원고,일정,5월 1일까지 글쓰기 대회 원고를 내 주세요,N,,preferred_vi 입력 필요
제출합니다,일정,교내 글쓰기 대회 원고는 5월 1일까지 제출합니다,N,제출,preferred_vi 입력 필요
6월3일,일정,6월 3일부터 6월 7일까지 생존수영을 합니다,N,,preferred_vi 입력 필요
교육 6월,일정,생존수영 교육은 6월 3일부터 6월 7일까지 진행됩니다,N,,preferred_vi 입력 필요
교육 6월 3일,일정,생존수영 교육은 6월 3일부터 6월 7일까지 진행됩니다,N,,preferred_vi 입력 필요
교육6월,일정,생존수영 교육은 6월 3일부터 6월 7일까지 진행됩니다,N,,preferred_vi 입력 필요
교육6월3일,일정,생존수영 교육은 6월 3일부터 6월 7일까지 진행됩니다,N,,preferred_vi 입력 필요
생존수영 교육,일정,생존수영 교육은 6월 3일부터 6월 7일까지 진행됩니다,N,,preferred_vi 입력 필요
생존수영 교육 6월,일정,생존수영 교육은 6월 3일부터 6월 7일까지 진행됩니다,N,,preferred_vi 입력 필요
생존수영교육,일정,생존수영 교육은 6월 3일부터 6월 7일까지 진행됩니다,N,,preferred_vi 입력 필요
생존수영교육6월,일정,생존수영 교육은 6월 3일부터 6월 7일까지 진행됩니다,N,,preferred_vi 입력 필요
물병 준비해,준비물,입학식 날 실내화와 물병을 준비해 주세요,N,실내화; 입학식,preferred_vi 입력 필요
물병준비해,준비물,입학식 날 실내화와 물병을 준비해 주세요,N,실내화; 입학식,preferred_vi 입력 필요
실내화 물병,준비물,입학식 날 실내화와 물병을 준비해 주세요,N,실내화; 입학식,preferred_vi 입력 필요
실내화 물병 준비해,준비물,입학식 날 실내화와 물병을 준비해 주세요,N,실내화; 입학식,preferred_vi 입력 필요
실내화물병,준비물,입학식 날 실내화와 물병을 준비해 주세요,N,실내화; 입학식,preferred_vi 입력 필요
실내화물병준비해,준비물,입학식 날 실내화와 물병을 준비해 주세요,N,실내화; 입학식,preferred_vi 입력 필요
입학식 실내화 물병,준비물,입학식 날 실내화와 물병을 준비해 주세요,N,실내화; 입학식,preferred_vi 입력 필요
입학식실내화물병,준비물,입학식 날 실내화와 물병을 준비해 주세요,N,실내화; 입학식,preferred_vi 입력 필요
개인 물병 준비해,일정,입학식 당일 실내화와 개인 물병을 준비해 주세요,N,개인 물병; 실내화; 입학식,preferred_vi 입력 필요
개인물병준비해,일정,입학식 당일 실내화와 개인 물병을 준비해 주세요,N,개인 물병; 실내화; 입학식,preferred_vi 입력 필요
실내화 개인 물병,일정,입학식 당일 실내화와 개인 물병을 준비해 주세요,N,개인 물병; 실내화; 입학식,preferred_vi 입력 필요
실내화개인물병,일정,입학식 당일 실내화와 개인 물병을 준비해 주세요,N,개인 물병; 실내화; 입학식,preferred_vi 입력 필요
모기,기타,야외 활동 전 모기 기피제를 사용해 주세요,N,,preferred_vi 입력 필요
야외활동,기타,야외 활동 전 모기 기피제를 사용해 주세요,N,,preferred_vi 입력 필요
17일,일정,5월 17일 방과후 수업은 쉽니다,N,,preferred_vi 입력 필요
17일 방과후 수업,일정,5월 17일 방과후 수업은 쉽니다,N,,preferred_vi 입력 필요
17일방과후수업,일정,5월 17일 방과후 수업은 쉽니다,N,,preferred_vi 입력 필요
방과후 수업,일정,5월 17일 방과후 수업은 쉽니다,N,,preferred_vi 입력 필요
방과후 수업 쉽니다,일정,5월 17일 방과후 수업은 쉽니다,N,,preferred_vi 입력 필요
방과후수업,일정,5월 17일 방과후 수업은 쉽니다,N,,preferred_vi 입력 필요
방과후수업쉽니다,일정,5월 17일 방과후 수업은 쉽니다,N,,preferred_vi 입력 필요
방과후휴강,일정,5월 17일 방과후 수업은 쉽니다,N,,preferred_vi 입력 필요
수업 쉽니다,일정,5월 17일 방과후 수업은 쉽니다,N,,preferred_vi 입력 필요
수업쉽니다,일정,5월 17일 방과후 수업은 쉽니다,N,,preferred_vi 입력 필요
안전점검,일정,5월 17일 방과후 수업은 쉽니다,N,,preferred_vi 입력 필요
방과후 수업 휴강됩니다,일정,교내 안전점검으로 5월 17일 방과후 수업이 휴강됩니다,N,,preferred_vi 입력 필요
방과후수업휴강됩니다,일정,교내 안전점검으로 5월 17일 방과후 수업이 휴강됩니다,N,,preferred_vi 입력 필요
수업 휴강됩니다,일정,교내 안전점검으로 5월 17일 방과후 수업이 휴강됩니다,N,,preferred_vi 입력 필요
수업휴강됩니다,일정,교내 안전점검으로 5월 17일 방과후 수업이 휴강됩니다,N,,preferred_vi 입력 필요
비가,비용,비가 와도 학교에 옵니다 활동은 실내에서 합니다,N,,preferred_vi 입력 필요
비가 와,비용,비가 와도 학교에 옵니다 활동은 실내에서 합니다,N,,preferred_vi 입력 필요
비가 와도 옵니다,비용,비가 와도 학교에 옵니다 활동은 실내에서 합니다,N,,preferred_vi 입력 필요
비가와,비용,비가 와도 학교에 옵니다 활동은 실내에서 합니다,N,,preferred_vi 입력 필요
비가와도옵니다,비용,비가 와도 학교에 옵니다 활동은 실내에서 합니다,N,,preferred_vi 입력 필요
우천,비용,비가 와도 학교에 옵니다 활동은 실내에서 합니다,N,,preferred_vi 입력 필요
우천 시,기타,우천 시에도 정상 등교하며 실내 활동으로 대체됩니다,Y,우천 시; 등교,기존 사전 용어
건강조사서,건강·안전,독감 예방접종 여부를 건강조사서에 써 주세요,N,예방접종; 조사서; 독감,preferred_vi 입력 필요
여부 건강조사서,건강·안전,독감 예방접종 여부를 건강조사서에 써 주세요,N,예방접종; 조사서; 독감,preferred_vi 입력 필요
여부건강조사서,건강·안전,독감 예방접종 여부를 건강조사서에 써 주세요,N,예방접종; 조사서; 독감,preferred_vi 입력 필요
예방접종 여부 건강조사서,건강·안전,독감 예방접종 여부를 건강조사서에 써 주세요,N,예방접종; 조사서; 독감,preferred_vi 입력 필요
예방접종여부건강조사서,건강·안전,독감 예방접종 여부를 건강조사서에 써 주세요,N,예방접종; 조사서; 독감,preferred_vi 입력 필요
인플루엔자,건강·안전,독감 예방접종 여부를 건강조사서에 써 주세요,N,예방접종; 조사서; 독감,preferred_vi 입력 필요
건강조사서 표시해,건강·안전,인플루엔자 예방접종 여부를 건강조사서에 표시해 주세요,N,예방접종; 조사서,preferred_vi 입력 필요
건강조사서표시해,건강·안전,인플루엔자 예방접종 여부를 건강조사서에 표시해 주세요,N,예방접종; 조사서,preferred_vi 입력 필요
여부 건강조사서 표시해,건강·안전,인플루엔자 예방접종 여부를 건강조사서에 표시해 주세요,N,예방접종; 조사서,preferred_vi 입력 필요
여부건강조사서표시해,건강·안전,인플루엔자 예방접종 여부를 건강조사서에 표시해 주세요,N,예방접종; 조사서,preferred_vi 입력 필요
20000원입니다,비용,방과후 영어 활동비는 한 달 20000원입니다,N,,preferred_vi 입력 필요
방과후 영어 활동비,비용,방과후 영어 활동비는 한 달 20000원입니다,N,,preferred_vi 입력 필요
방과후영어,비용,방과후 영어 활동비는 한 달 20000원입니다,N,,preferred_vi 입력 필요
방과후영어활동비,비용,방과후 영어 활동비는 한 달 20000원입니다,N,,preferred_vi 입력 필요
영어 활동비,비용,방과후 영어 활동비는 한 달 20000원입니다,N,,preferred_vi 입력 필요
영어 활동비 20000원입니다,비용,방과후 영어 활동비는 한 달 20000원입니다,N,,preferred_vi 입력 필요
영어활동비,비용,방과후 영어 활동비는 한 달 20000원입니다,N,,preferred_vi 입력 필요
영어활동비20000원입니다,비용,방과후 영어 활동비는 한 달 20000원입니다,N,,preferred_vi 입력 필요
활동비,비용,방과후 영어 활동비는 한 달 20000원입니다,N,,preferred_vi 입력 필요
활동비 20000원입니다,비용,방과후 영어 활동비는 한 달 20000원입니다,N,,preferred_vi 입력 필요
활동비20000원입니다,비용,방과후 영어 활동비는 한 달 20000원입니다,N,,preferred_vi 입력 필요
미동의서,제출,사진 촬영을 원하지 않으면 미동의서를 내 주세요,N,동의서,preferred_vi 입력 필요
않으면 미동의서,제출,사진 촬영을 원하지 않으면 미동의서를 내 주세요,N,동의서,preferred_vi 입력 필요
않으면미동의서,제출,사진 촬영을 원하지 않으면 미동의서를 내 주세요,N,동의서,preferred_vi 입력 필요
원하지,제출,사진 촬영을 원하지 않으면 미동의서를 내 주세요,N,동의서,preferred_vi 입력 필요
원하지 않으면 미동의서,제출,사진 촬영을 원하지 않으면 미동의서를 내 주세요,N,동의서,preferred_vi 입력 필요
원하지않으면미동의서,제출,사진 촬영을 원하지 않으면 미동의서를 내 주세요,N,동의서,preferred_vi 입력 필요
경우 미동의서,제출,사진 촬영을 원하지 않는 경우 미동의서를 제출해 주세요,N,동의서; 제출,preferred_vi 입력 필요
경우 미동의서 제출해,제출,사진 촬영을 원하지 않는 경우 미동의서를 제출해 주세요,N,동의서; 제출,preferred_vi 입력 필요
경우미동의서,제출,사진 촬영을 원하지 않는 경우 미동의서를 제출해 주세요,N,동의서; 제출,preferred_vi 입력 필요
경우미동의서제출해,제출,사진 촬영을 원하지 않는 경우 미동의서를 제출해 주세요,N,동의서; 제출,preferred_vi 입력 필요
미동의서 제출해,제출,사진 촬영을 원하지 않는 경우 미동의서를 제출해 주세요,N,동의서; 제출,preferred_vi 입력 필요
미동의서제출해,제출,사진 촬영을 원하지 않는 경우 미동의서를 제출해 주세요,N,동의서; 제출,preferred_vi 입력 필요
않는 경우 미동의서,제출,사진 촬영을 원하지 않는 경우 미동의서를 제출해 주세요,N,동의서; 제출,preferred_vi 입력 필요
않는경우미동의서,제출,사진 촬영을 원하지 않는 경우 미동의서를 제출해 주세요,N,동의서; 제출,preferred_vi 입력 필요
안내문 보고,제출,유아학비 지원 안내문을 보고 신청해 주세요,N,안내문,preferred_vi 입력 필요
안내문 보고 신청해,제출,유아학비 지원 안내문을 보고 신청해 주세요,N,안내문,preferred_vi 입력 필요
안내문보고,제출,유아학비 지원 안내문을 보고 신청해 주세요,N,안내문,preferred_vi 입력 필요
안내문보고신청해,제출,유아학비 지원 안내문을 보고 신청해 주세요,N,안내문,preferred_vi 입력 필요
유아학비,제출,유아학비 지원 안내문을 보고 신청해 주세요,N,안내문,preferred_vi 입력 필요
유아학비 지원,제출,유아학비 지원 안내문을 보고 신청해 주세요,N,안내문,preferred_vi 입력 필요
유아학비 지원 안내문,제출,유아학비 지원 안내문을 보고 신청해 주세요,N,안내문,preferred_vi 입력 필요
유아학비지원,제출,유아학비 지원 안내문을 보고 신청해 주세요,N,안내문,preferred_vi 입력 필요
유아학비지원안내문,제출,유아학비 지원 안내문을 보고 신청해 주세요,N,안내문,preferred_vi 입력 필요
지원 안내문,제출,유아학비 지원 안내문을 보고 신청해 주세요,N,안내문,preferred_vi 입력 필요
지원 안내문 보고,제출,유아학비 지원 안내문을 보고 신청해 주세요,N,안내문,preferred_vi 입력 필요
지원안내문,제출,유아학비 지원 안내문을 보고 신청해 주세요,N,안내문,preferred_vi 입력 필요
지원안내문보고,제출,유아학비 지원 안내문을 보고 신청해 주세요,N,안내문,preferred_vi 입력 필요
기간,일정,유아학비 지원 신청 안내문을 확인하고 기간 내 신청해 주세요,N,안내문,preferred_vi 입력 필요
신청 안내문,일정,유아학비 지원 신청 안내문을 확인하고 기간 내 신청해 주세요,N,안내문,preferred_vi 입력 필요
신청 안내문 기간,일정,유아학비 지원 신청 안내문을 확인하고 기간 내 신청해 주세요,N,안내문,preferred_vi 입력 필요
신청안내문,일정,유아학비 지원 신청 안내문을 확인하고 기간 내 신청해 주세요,N,안내문,preferred_vi 입력 필요
신청안내문기간,일정,유아학비 지원 신청 안내문을 확인하고 기간 내 신청해 주세요,N,안내문,preferred_vi 입력 필요
안내문 기간,일정,유아학비 지원 신청 안내문을 확인하고 기간 내 신청해 주세요,N,안내문,preferred_vi 입력 필요
안내문 기간 신청해,일정,유아학비 지원 신청 안내문을 확인하고 기간 내 신청해 주세요,N,안내문,preferred_vi 입력 필요
안내문기간,일정,유아학비 지원 신청 안내문을 확인하고 기간 내 신청해 주세요,N,안내문,preferred_vi 입력 필요
안내문기간신청해,일정,유아학비 지원 신청 안내문을 확인하고 기간 내 신청해 주세요,N,안내문,preferred_vi 입력 필요
유아학비 지원 신청,일정,유아학비 지원 신청 안내문을 확인하고 기간 내 신청해 주세요,N,안내문,preferred_vi 입력 필요
유아학비지원신청,일정,유아학비 지원 신청 안내문을 확인하고 기간 내 신청해 주세요,N,안내문,preferred_vi 입력 필요
지원 신청 안내문,일정,유아학비 지원 신청 안내문을 확인하고 기간 내 신청해 주세요,N,안내문,preferred_vi 입력 필요
지원신청안내문,일정,유아학비 지원 신청 안내문을 확인하고 기간 내 신청해 주세요,N,안내문,preferred_vi 입력 필요
방과후,기타,여름방학 방과후 강좌를 선택해 주세요,N,방학,preferred_vi 입력 필요
희망강좌,기타,여름방학 방과후 강좌를 선택해 주세요,N,방학,preferred_vi 입력 필요
방과후 프로그램 안내문,기타,여름방학 방과후 프로그램 안내문을 확인하고 희망 강좌를 선택해 주세요,N,안내문; 방학,preferred_vi 입력 필요
방과후프로그램안내문,기타,여름방학 방과후 프로그램 안내문을 확인하고 희망 강좌를 선택해 주세요,N,안내문; 방학,preferred_vi 입력 필요
안내문 희망,기타,여름방학 방과후 프로그램 안내문을 확인하고 희망 강좌를 선택해 주세요,N,안내문; 방학,preferred_vi 입력 필요
안내문 희망 강좌,기타,여름방학 방과후 프로그램 안내문을 확인하고 희망 강좌를 선택해 주세요,N,안내문; 방학,preferred_vi 입력 필요
안내문희망,기타,여름방학 방과후 프로그램 안내문을 확인하고 희망 강좌를 선택해 주세요,N,안내문; 방학,preferred_vi 입력 필요
안내문희망강좌,기타,여름방학 방과후 프로그램 안내문을 확인하고 희망 강좌를 선택해 주세요,N,안내문; 방학,preferred_vi 입력 필요
프로그램 안내문,기타,여름방학 방과후 프로그램 안내문을 확인하고 희망 강좌를 선택해 주세요,N,안내문; 방학,preferred_vi 입력 필요
프로그램 안내문 희망,기타,여름방학 방과후 프로그램 안내문을 확인하고 희망 강좌를 선택해 주세요,N,안내문; 방학,preferred_vi 입력 필요
프로그램안내문,기타,여름방학 방과후 프로그램 안내문을 확인하고 희망 강좌를 선택해 주세요,N,안내문; 방학,preferred_vi 입력 필요
프로그램안내문희망,기타,여름방학 방과후 프로그램 안내문을 확인하고 희망 강좌를 선택해 주세요,N,안내문; 방학,preferred_vi 입력 필요
운동화 준비해,준비물,체육대회 날 체육복과 운동화를 준비해 주세요,N,체육복,preferred_vi 입력 필요
운동화준비해,준비물,체육대회 날 체육복과 운동화를 준비해 주세요,N,체육복,preferred_vi 입력 필요
체육대회,준비물,체육대회 날 체육복과 운동화를 준비해 주세요,N,체육복,preferred_vi 입력 필요
체육복,준비물,체육대회 날 체육복과 운동화를 준비해 주세요,Y,체육복,기존 사전 용어
체육복 운동화 준비해,준비물,체육대회 날 체육복과 운동화를 준비해 주세요,N,체육복,preferred_vi 입력 필요
체육복운동화준비해,준비물,체육대회 날 체육복과 운동화를 준비해 주세요,N,체육복,preferred_vi 입력 필요
